name_O,name_D,median_p5,count
ANACOSTIA,ARCHIVES-NAVY MEMORIAL-PENN QUARTER,22.166666666666668,4
ANACOSTIA,CAPITOL SOUTH,11.683333333333334,7
ANACOSTIA,EASTERN MARKET,11.808333333333334,16
ANACOSTIA,FARRAGUT NORTH,29.066666666666666,14
ANACOSTIA,FARRAGUT WEST,29.066666666666666,14
ANACOSTIA,FEDERAL CENTER SW,21.233333333333334,3
ANACOSTIA,GALLERY PL-CHINATOWN,22.9,5
ANACOSTIA,JUDICIARY SQUARE,22.166666666666668,4
ANACOSTIA,L'ENFANT PLAZA,21.233333333333334,3
ANACOSTIA,MCPHERSON SQUARE,29.066666666666666,16
ANACOSTIA,METRO CENTER,22.9,5
ANACOSTIA,NAVY YARD-BALLPARK,12.116666666666667,27
ANACOSTIA,NOMA-GALLAUDET,25.066666666666666,8
ANACOSTIA,POTOMAC AVE,11.283333333333333,4
ANACOSTIA,RHODE ISLAND AVE-BRENTWOOD,31.533333333333335,3
ANACOSTIA,UNION STATION,18.35,5
ANACOSTIA,WATERFRONT,19.541666666666668,6
ARCHIVES-NAVY MEMORIAL-PENN QUARTER,ANACOSTIA,21.533333333333335,3
ARCHIVES-NAVY MEMORIAL-PENN QUARTER,BROOKLAND-CUA,28.583333333333332,23
ARCHIVES-NAVY MEMORIAL-PENN QUARTER,CAPITOL SOUTH,14.908333333333333,776
ARCHIVES-NAVY MEMORIAL-PENN QUARTER,CLARENDON,30.166666666666668,5
ARCHIVES-NAVY MEMORIAL-PENN QUARTER,CLEVELAND PARK,34.05,21
ARCHIVES-NAVY MEMORIAL-PENN QUARTER,COLUMBIA HEIGHTS,21.28333333333333,154
ARCHIVES-NAVY MEMORIAL-PENN QUARTER,COURT HOUSE,34.16666666666667,30
ARCHIVES-NAVY MEMORIAL-PENN QUARTER,CRYSTAL CITY,32.31666666666667,41
ARCHIVES-NAVY MEMORIAL-PENN QUARTER,DUPONT CIRCLE,18.458333333333332,834
ARCHIVES-NAVY MEMORIAL-PENN QUARTER,EAST FALLS CHURCH,100.36666666666666,5
ARCHIVES-NAVY MEMORIAL-PENN QUARTER,EASTERN MARKET,16.816666666666666,709
ARCHIVES-NAVY MEMORIAL-PENN QUARTER,FARRAGUT NORTH,17.216666666666665,1123
ARCHIVES-NAVY MEMORIAL-PENN QUARTER,FARRAGUT WEST,16.733333333333334,1279
ARCHIVES-NAVY MEMORIAL-PENN QUARTER,FEDERAL CENTER SW,10.716666666666667,1297
ARCHIVES-NAVY MEMORIAL-PENN QUARTER,FEDERAL TRIANGLE,14.866666666666667,1891
ARCHIVES-NAVY MEMORIAL-PENN QUARTER,FOGGY BOTTOM-GWU,19.0,995
ARCHIVES-NAVY MEMORIAL-PENN QUARTER,FORT TOTTEN,33.974999999999994,4
ARCHIVES-NAVY MEMORIAL-PENN QUARTER,GALLERY PL-CHINATOWN,7.85,2816
ARCHIVES-NAVY MEMORIAL-PENN QUARTER,GEORGIA AVE-PETWORTH,21.95,85
ARCHIVES-NAVY MEMORIAL-PENN QUARTER,JUDICIARY SQUARE,7.916666666666667,2260
ARCHIVES-NAVY MEMORIAL-PENN QUARTER,L'ENFANT PLAZA,11.85,1728
ARCHIVES-NAVY MEMORIAL-PENN QUARTER,MCPHERSON SQUARE,11.966666666666667,2445
ARCHIVES-NAVY MEMORIAL-PENN QUARTER,METRO CENTER,10.066666666666666,2974
ARCHIVES-NAVY MEMORIAL-PENN QUARTER,MT VERNON SQ 7TH ST-CONVENTION CENTER,8.283333333333333,1696
ARCHIVES-NAVY MEMORIAL-PENN QUARTER,NAVY YARD-BALLPARK,15.916666666666666,759
ARCHIVES-NAVY MEMORIAL-PENN QUARTER,NOMA-GALLAUDET,12.283333333333333,1008
ARCHIVES-NAVY MEMORIAL-PENN QUARTER,PENTAGON CITY,36.175,36
ARCHIVES-NAVY MEMORIAL-PENN QUARTER,POTOMAC AVE,17.95,138
ARCHIVES-NAVY MEMORIAL-PENN QUARTER,RHODE ISLAND AVE-BRENTWOOD,18.8,57
ARCHIVES-NAVY MEMORIAL-PENN QUARTER,ROSSLYN,42.03333333333333,73
ARCHIVES-NAVY MEMORIAL-PENN QUARTER,SHAW-HOWARD U,11.65,685
ARCHIVES-NAVY MEMORIAL-PENN QUARTER,SILVER SPRING,38.55,3
ARCHIVES-NAVY MEMORIAL-PENN QUARTER,SMITHSONIAN,22.8,1492
ARCHIVES-NAVY MEMORIAL-PENN QUARTER,STADIUM-ARMORY,18.358333333333334,80
ARCHIVES-NAVY MEMORIAL-PENN QUARTER,TAKOMA,51.233333333333334,6
ARCHIVES-NAVY MEMORIAL-PENN QUARTER,U STREET/AFRICAN-AMER CIVIL WAR MEMORIAL/CARDOZO,14.7,637
ARCHIVES-NAVY MEMORIAL-PENN QUARTER,UNION STATION,9.65,1590
ARCHIVES-NAVY MEMORIAL-PENN QUARTER,VAN NESS-UDC,46.333333333333336,7
ARCHIVES-NAVY MEMORIAL-PENN QUARTER,WATERFRONT,11.183333333333334,803
ARCHIVES-NAVY MEMORIAL-PENN QUARTER,WOODLEY PARK-ZOO/ADAMS MORGAN,27.325000000000003,36
BALLSTON-MU,ARCHIVES-NAVY MEMORIAL-PENN QUARTER,73.3,7
BALLSTON-MU,CAPITOL SOUTH,54.3,5
BALLSTON-MU,CLARENDON,7.683333333333334,385
BALLSTON-MU,COLUMBIA HEIGHTS,37.53333333333333,11
BALLSTON-MU,COURT HOUSE,10.766666666666666,284
BALLSTON-MU,CRYSTAL CITY,35.29166666666667,10
BALLSTON-MU,DUPONT CIRCLE,29.958333333333332,12
BALLSTON-MU,EAST FALLS CHURCH,23.366666666666667,31
BALLSTON-MU,FARRAGUT NORTH,28.416666666666668,9
BALLSTON-MU,FARRAGUT WEST,34.275,14
BALLSTON-MU,FEDERAL CENTER SW,77.79166666666666,6
BALLSTON-MU,FEDERAL TRIANGLE,74.45833333333333,6
BALLSTON-MU,FOGGY BOTTOM-GWU,31.166666666666668,25
BALLSTON-MU,GALLERY PL-CHINATOWN,39.78333333333333,13
BALLSTON-MU,GEORGIA AVE-PETWORTH,32.483333333333334,4
BALLSTON-MU,JUDICIARY SQUARE,40.983333333333334,9
BALLSTON-MU,L'ENFANT PLAZA,72.83333333333333,13
BALLSTON-MU,MCPHERSON SQUARE,30.75,15
BALLSTON-MU,METRO CENTER,36.28333333333333,13
BALLSTON-MU,MT VERNON SQ 7TH ST-CONVENTION CENTER,38.03333333333333,6
BALLSTON-MU,NAVY YARD-BALLPARK,40.96666666666667,11
BALLSTON-MU,NOMA-GALLAUDET,32.400000000000006,10
BALLSTON-MU,PENTAGON CITY,23.266666666666666,9
BALLSTON-MU,RONALD REAGAN WASHINGTON NATIONAL AIRPORT,44.90833333333333,24
BALLSTON-MU,ROSSLYN,15.583333333333334,133
BALLSTON-MU,SHAW-HOWARD U,52.31666666666666,4
BALLSTON-MU,TYSONS CORNER,43.0,8
BALLSTON-MU,U STREET/AFRICAN-AMER CIVIL WAR MEMORIAL/CARDOZO,52.016666666666666,7
BALLSTON-MU,UNION STATION,37.43333333333333,3
BALLSTON-MU,VIRGINIA SQUARE-GMU,4.9,389
BALLSTON-MU,WATERFRONT,50.45,5
BENNING ROAD,MINNESOTA AVE,5.958333333333334,8
BENNING ROAD,NOMA-GALLAUDET,36.46666666666667,3
BETHESDA,CLEVELAND PARK,31.225,10
BETHESDA,COLUMBIA HEIGHTS,37.400000000000006,8
BETHESDA,DUPONT CIRCLE,50.2,16
BETHESDA,FARRAGUT NORTH,50.516666666666666,11
BETHESDA,FARRAGUT WEST,79.91666666666666,6
BETHESDA,FEDERAL TRIANGLE,88.78333333333333,8
BETHESDA,FOGGY BOTTOM-GWU,52.675,16
BETHESDA,FRIENDSHIP HEIGHTS,14.6,41
BETHESDA,L'ENFANT PLAZA,78.1,3
BETHESDA,MCPHERSON SQUARE,72.0,4
BETHESDA,MEDICAL CENTER,9.958333333333334,16
BETHESDA,NOMA-GALLAUDET,65.65,3
BETHESDA,SILVER SPRING,28.916666666666668,5
BETHESDA,SMITHSONIAN,102.4,11
BETHESDA,TENLEYTOWN-AU,17.78333333333333,16
BETHESDA,U STREET/AFRICAN-AMER CIVIL WAR MEMORIAL/CARDOZO,47.65,3
BETHESDA,UNION STATION,64.64166666666667,4
BETHESDA,VAN NESS-UDC,20.216666666666665,3
BETHESDA,WHITE FLINT,39.975,4
BETHESDA,WOODLEY PARK-ZOO/ADAMS MORGAN,34.233333333333334,11
BRADDOCK ROAD,CRYSTAL CITY,18.933333333333334,25
BRADDOCK ROAD,KING ST-OLD TOWN,6.3,98
BROOKLAND-CUA,ARCHIVES-NAVY MEMORIAL-PENN QUARTER,23.566666666666666,27
BROOKLAND-CUA,CAPITOL SOUTH,30.533333333333335,15
BROOKLAND-CUA,COLUMBIA HEIGHTS,16.1,24
BROOKLAND-CUA,DUPONT CIRCLE,26.675,12
BROOKLAND-CUA,EASTERN MARKET,25.316666666666666,15
BROOKLAND-CUA,FARRAGUT NORTH,28.45,11
BROOKLAND-CUA,FARRAGUT WEST,29.225,10
BROOKLAND-CUA,FEDERAL CENTER SW,26.291666666666668,12
BROOKLAND-CUA,FEDERAL TRIANGLE,43.25,11
BROOKLAND-CUA,FORT TOTTEN,14.45,8
BROOKLAND-CUA,GALLERY PL-CHINATOWN,22.75,27
BROOKLAND-CUA,GEORGIA AVE-PETWORTH,14.716666666666667,16
BROOKLAND-CUA,JUDICIARY SQUARE,23.033333333333335,41
BROOKLAND-CUA,L'ENFANT PLAZA,29.05,27
BROOKLAND-CUA,MCPHERSON SQUARE,25.916666666666668,19
BROOKLAND-CUA,METRO CENTER,23.566666666666666,28
BROOKLAND-CUA,MT VERNON SQ 7TH ST-CONVENTION CENTER,22.275,22
BROOKLAND-CUA,NAVY YARD-BALLPARK,23.21666666666667,42
BROOKLAND-CUA,NOMA-GALLAUDET,13.766666666666667,127
BROOKLAND-CUA,RHODE ISLAND AVE-BRENTWOOD,6.300000000000001,68
BROOKLAND-CUA,SHAW-HOWARD U,18.4,29
BROOKLAND-CUA,SMITHSONIAN,37.71666666666667,15
BROOKLAND-CUA,TAKOMA,29.15,3
BROOKLAND-CUA,U STREET/AFRICAN-AMER CIVIL WAR MEMORIAL/CARDOZO,19.3,45
BROOKLAND-CUA,UNION STATION,17.483333333333334,43
BROOKLAND-CUA,WATERFRONT,29.05,9
CAPITOL HEIGHTS,MINNESOTA AVE,16.666666666666668,3
CAPITOL SOUTH,ANACOSTIA,16.8,8
CAPITOL SOUTH,ARCHIVES-NAVY MEMORIAL-PENN QUARTER,14.333333333333332,804
CAPITOL SOUTH,BROOKLAND-CUA,26.391666666666666,18
CAPITOL SOUTH,COLUMBIA HEIGHTS,39.016666666666666,22
CAPITOL SOUTH,CRYSTAL CITY,26.741666666666667,18
CAPITOL SOUTH,DUPONT CIRCLE,31.35,143
CAPITOL SOUTH,EASTERN MARKET,6.15,1133
CAPITOL SOUTH,FARRAGUT NORTH,24.016666666666666,276
CAPITOL SOUTH,FARRAGUT WEST,24.21666666666667,354
CAPITOL SOUTH,FEDERAL CENTER SW,8.533333333333333,615
CAPITOL SOUTH,FEDERAL TRIANGLE,18.95,713
CAPITOL SOUTH,FOGGY BOTTOM-GWU,28.5,218
CAPITOL SOUTH,GALLERY PL-CHINATOWN,15.366666666666667,855
CAPITOL SOUTH,GEORGIA AVE-PETWORTH,36.71666666666667,8
CAPITOL SOUTH,JUDICIARY SQUARE,13.025,786
CAPITOL SOUTH,L'ENFANT PLAZA,10.15,1043
CAPITOL SOUTH,MCPHERSON SQUARE,20.116666666666667,610
CAPITOL SOUTH,METRO CENTER,18.25,790
CAPITOL SOUTH,MT VERNON SQ 7TH ST-CONVENTION CENTER,17.15833333333333,186
CAPITOL SOUTH,NAVY YARD-BALLPARK,5.275,1272
CAPITOL SOUTH,NOMA-GALLAUDET,12.658333333333333,648
CAPITOL SOUTH,PENTAGON CITY,48.725,10
CAPITOL SOUTH,POTOMAC AVE,8.383333333333333,343
CAPITOL SOUTH,RHODE ISLAND AVE-BRENTWOOD,19.516666666666666,33
CAPITOL SOUTH,RONALD REAGAN WASHINGTON NATIONAL AIRPORT,23.066666666666666,8
CAPITOL SOUTH,ROSSLYN,49.69166666666666,28
CAPITOL SOUTH,SHAW-HOWARD U,20.516666666666666,94
CAPITOL SOUTH,SMITHSONIAN,19.46666666666667,704
CAPITOL SOUTH,STADIUM-ARMORY,10.483333333333334,148
CAPITOL SOUTH,U STREET/AFRICAN-AMER CIVIL WAR MEMORIAL/CARDOZO,23.59166666666667,114
CAPITOL SOUTH,UNION STATION,9.8,881
CAPITOL SOUTH,WATERFRONT,9.266666666666667,571
CAPITOL SOUTH,WOODLEY PARK-ZOO/ADAMS MORGAN,38.28333333333333,7
CLARENDON,ARCHIVES-NAVY MEMORIAL-PENN QUARTER,64.76666666666667,12
CLARENDON,BALLSTON-MU,8.108333333333334,402
CLARENDON,COURT HOUSE,5.1,485
CLARENDON,CRYSTAL CITY,32.11666666666667,13
CLARENDON,DUPONT CIRCLE,24.066666666666666,11
CLARENDON,EAST FALLS CHURCH,30.3,3
CLARENDON,FARRAGUT NORTH,25.033333333333335,19
CLARENDON,FARRAGUT WEST,22.133333333333333,19
CLARENDON,FEDERAL CENTER SW,226.88333333333333,3
CLARENDON,FEDERAL TRIANGLE,54.733333333333334,16
CLARENDON,FOGGY BOTTOM-GWU,19.583333333333332,33
CLARENDON,GALLERY PL-CHINATOWN,46.583333333333336,17
CLARENDON,L'ENFANT PLAZA,28.533333333333335,5
CLARENDON,MCPHERSON SQUARE,25.666666666666668,19
CLARENDON,METRO CENTER,42.04166666666667,22
CLARENDON,MT VERNON SQ 7TH ST-CONVENTION CENTER,33.43333333333333,7
CLARENDON,NAVY YARD-BALLPARK,41.141666666666666,16
CLARENDON,NOMA-GALLAUDET,35.38333333333333,3
CLARENDON,PENTAGON,27.966666666666665,3
CLARENDON,PENTAGON CITY,20.383333333333333,20
CLARENDON,ROSSLYN,8.683333333333334,407
CLARENDON,SMITHSONIAN,52.21666666666667,17
CLARENDON,U STREET/AFRICAN-AMER CIVIL WAR MEMORIAL/CARDOZO,27.266666666666666,12
CLARENDON,UNION STATION,46.333333333333336,3
CLARENDON,VIRGINIA SQUARE-GMU,5.9,350
CLEVELAND PARK,ARCHIVES-NAVY MEMORIAL-PENN QUARTER,36.03333333333333,25
CLEVELAND PARK,BETHESDA,35.11666666666667,4
CLEVELAND PARK,CAPITOL SOUTH,41.88333333333334,4
CLEVELAND PARK,COLUMBIA HEIGHTS,12.516666666666666,44
CLEVELAND PARK,COURT HOUSE,35.4,4
CLEVELAND PARK,DUPONT CIRCLE,13.1,234
CLEVELAND PARK,EASTERN MARKET,40.400000000000006,4
CLEVELAND PARK,FARRAGUT NORTH,15.608333333333334,152
CLEVELAND PARK,FARRAGUT WEST,16.266666666666666,139
CLEVELAND PARK,FEDERAL CENTER SW,31.883333333333333,4
CLEVELAND PARK,FEDERAL TRIANGLE,44.46666666666667,25
CLEVELAND PARK,FOGGY BOTTOM-GWU,15.75,114
CLEVELAND PARK,FORT TOTTEN,27.55,3
CLEVELAND PARK,FRIENDSHIP HEIGHTS,16.633333333333333,9
CLEVELAND PARK,GALLERY PL-CHINATOWN,31.741666666666667,30
CLEVELAND PARK,GEORGIA AVE-PETWORTH,18.066666666666666,11
CLEVELAND PARK,JUDICIARY SQUARE,30.433333333333334,12
CLEVELAND PARK,L'ENFANT PLAZA,31.516666666666666,7
CLEVELAND PARK,MCPHERSON SQUARE,16.9,79
CLEVELAND PARK,METRO CENTER,27.583333333333332,40
CLEVELAND PARK,MT VERNON SQ 7TH ST-CONVENTION CENTER,21.25,19
CLEVELAND PARK,NAVY YARD-BALLPARK,40.45,6
CLEVELAND PARK,ROSSLYN,30.025,6
CLEVELAND PARK,SHAW-HOWARD U,17.616666666666667,33
CLEVELAND PARK,SMITHSONIAN,42.20833333333333,14
CLEVELAND PARK,TENLEYTOWN-AU,12.149999999999999,16
CLEVELAND PARK,U STREET/AFRICAN-AMER CIVIL WAR MEMORIAL/CARDOZO,17.71666666666667,40
CLEVELAND PARK,UNION STATION,30.383333333333333,10
CLEVELAND PARK,VAN NESS-UDC,6.0,88
CLEVELAND PARK,WOODLEY PARK-ZOO/ADAMS MORGAN,5.733333333333333,201
COLUMBIA HEIGHTS,ARCHIVES-NAVY MEMORIAL-PENN QUARTER,18.608333333333334,288
COLUMBIA HEIGHTS,BALLSTON-MU,37.1,13
COLUMBIA HEIGHTS,BROOKLAND-CUA,18.05,27
COLUMBIA HEIGHTS,CAPITOL SOUTH,36.06666666666666,30
COLUMBIA HEIGHTS,CLARENDON,46.6,3
COLUMBIA HEIGHTS,CLEVELAND PARK,13.541666666666668,58
COLUMBIA HEIGHTS,COURT HOUSE,27.95,10
COLUMBIA HEIGHTS,CRYSTAL CITY,36.05833333333333,12
COLUMBIA HEIGHTS,DUPONT CIRCLE,12.383333333333333,1502
COLUMBIA HEIGHTS,EASTERN MARKET,37.06666666666667,39
COLUMBIA HEIGHTS,FARRAGUT NORTH,14.15,1285
COLUMBIA HEIGHTS,FARRAGUT WEST,15.133333333333333,1155
COLUMBIA HEIGHTS,FEDERAL CENTER SW,27.1,81
COLUMBIA HEIGHTS,FEDERAL TRIANGLE,17.85,328
COLUMBIA HEIGHTS,FOGGY BOTTOM-GWU,16.0,815
COLUMBIA HEIGHTS,FORT TOTTEN,18.200000000000003,8
COLUMBIA HEIGHTS,GALLERY PL-CHINATOWN,16.916666666666664,702
COLUMBIA HEIGHTS,GEORGIA AVE-PETWORTH,5.483333333333333,569
COLUMBIA HEIGHTS,JUDICIARY SQUARE,18.833333333333332,355
COLUMBIA HEIGHTS,L'ENFANT PLAZA,25.866666666666667,140
COLUMBIA HEIGHTS,MCPHERSON SQUARE,14.5,1135
COLUMBIA HEIGHTS,METRO CENTER,15.55,906
COLUMBIA HEIGHTS,MT VERNON SQ 7TH ST-CONVENTION CENTER,14.666666666666666,540
COLUMBIA HEIGHTS,NAVY YARD-BALLPARK,34.125,50
COLUMBIA HEIGHTS,NOMA-GALLAUDET,20.016666666666666,260
COLUMBIA HEIGHTS,POTOMAC AVE,42.80833333333334,8
COLUMBIA HEIGHTS,RHODE ISLAND AVE-BRENTWOOD,20.375,54
COLUMBIA HEIGHTS,RONALD REAGAN WASHINGTON NATIONAL AIRPORT,44.43333333333333,3
COLUMBIA HEIGHTS,ROSSLYN,23.475,48
COLUMBIA HEIGHTS,SHAW-HOWARD U,9.241666666666667,704
COLUMBIA HEIGHTS,SILVER SPRING,28.95,15
COLUMBIA HEIGHTS,SMITHSONIAN,27.016666666666666,159
COLUMBIA HEIGHTS,STADIUM-ARMORY,31.6,5
COLUMBIA HEIGHTS,TAKOMA,27.95,13
COLUMBIA HEIGHTS,TENLEYTOWN-AU,17.366666666666667,26
COLUMBIA HEIGHTS,U STREET/AFRICAN-AMER CIVIL WAR MEMORIAL/CARDOZO,7.166666666666667,1892
COLUMBIA HEIGHTS,UNION STATION,21.566666666666666,208
COLUMBIA HEIGHTS,VAN NESS-UDC,13.541666666666668,58
COLUMBIA HEIGHTS,VIRGINIA SQUARE-GMU,33.41666666666667,4
COLUMBIA HEIGHTS,WATERFRONT,27.366666666666667,27
COLUMBIA HEIGHTS,WEST HYATTSVILLE,40.53333333333333,8
COLUMBIA HEIGHTS,WOODLEY PARK-ZOO/ADAMS MORGAN,8.616666666666667,233
CONGRESS HEIGHTS,SOUTHERN AVENUE,11.25,3
COURT HOUSE,ARCHIVES-NAVY MEMORIAL-PENN QUARTER,34.425,48
COURT HOUSE,BALLSTON-MU,11.4,363
COURT HOUSE,BETHESDA,80.85,3
COURT HOUSE,CAPITOL SOUTH,34.31666666666667,13
COURT HOUSE,CLARENDON,4.966666666666667,485
COURT HOUSE,COLUMBIA HEIGHTS,22.741666666666667,8
COURT HOUSE,CRYSTAL CITY,29.9,20
COURT HOUSE,DUPONT CIRCLE,17.566666666666666,104
COURT HOUSE,FARRAGUT NORTH,18.683333333333334,126
COURT HOUSE,FARRAGUT WEST,18.3,159
COURT HOUSE,FEDERAL CENTER SW,23.416666666666668,25
COURT HOUSE,FEDERAL TRIANGLE,29.783333333333335,59
COURT HOUSE,FOGGY BOTTOM-GWU,17.65833333333333,204
COURT HOUSE,GALLERY PL-CHINATOWN,30.15,51
COURT HOUSE,JUDICIARY SQUARE,40.03333333333333,26
COURT HOUSE,L'ENFANT PLAZA,24.633333333333333,33
COURT HOUSE,MCPHERSON SQUARE,25.033333333333335,69
COURT HOUSE,METRO CENTER,29.96666666666667,68
COURT HOUSE,MT VERNON SQ 7TH ST-CONVENTION CENTER,29.65,15
COURT HOUSE,NAVY YARD-BALLPARK,38.78333333333333,29
COURT HOUSE,NOMA-GALLAUDET,38.13333333333333,9
COURT HOUSE,PENTAGON CITY,20.5,17
COURT HOUSE,POTOMAC AVE,41.9,3
COURT HOUSE,RONALD REAGAN WASHINGTON NATIONAL AIRPORT,28.15,3
COURT HOUSE,ROSSLYN,5.2,936
COURT HOUSE,SHAW-HOWARD U,31.791666666666668,8
COURT HOUSE,SMITHSONIAN,25.733333333333334,65
COURT HOUSE,U STREET/AFRICAN-AMER CIVIL WAR MEMORIAL/CARDOZO,23.95,35
COURT HOUSE,UNION STATION,37.45,13
COURT HOUSE,VAN NESS-UDC,38.65833333333333,4
COURT HOUSE,VIRGINIA SQUARE-GMU,10.366666666666667,315
COURT HOUSE,WOODLEY PARK-ZOO/ADAMS MORGAN,35.333333333333336,3
CRYSTAL CITY,ARCHIVES-NAVY MEMORIAL-PENN QUARTER,30.725,22
CRYSTAL CITY,BALLSTON-MU,26.583333333333336,4
CRYSTAL CITY,BRADDOCK ROAD,22.858333333333334,24
CRYSTAL CITY,CAPITOL SOUTH,34.483333333333334,21
CRYSTAL CITY,CLARENDON,26.025,6
CRYSTAL CITY,COLUMBIA HEIGHTS,36.80833333333334,6
CRYSTAL CITY,COURT HOUSE,30.266666666666666,10
CRYSTAL CITY,DUPONT CIRCLE,34.46666666666667,13
CRYSTAL CITY,EASTERN MARKET,37.075,10
CRYSTAL CITY,FARRAGUT NORTH,29.8,27
CRYSTAL CITY,FARRAGUT WEST,29.65,31
CRYSTAL CITY,FEDERAL CENTER SW,30.883333333333333,15
CRYSTAL CITY,FEDERAL TRIANGLE,34.95833333333333,50
CRYSTAL CITY,FOGGY BOTTOM-GWU,31.7,37
CRYSTAL CITY,GALLERY PL-CHINATOWN,31.916666666666668,39
CRYSTAL CITY,JUDICIARY SQUARE,30.9,15
CRYSTAL CITY,KING ST-OLD TOWN,24.966666666666665,17
CRYSTAL CITY,L'ENFANT PLAZA,31.966666666666665,55
CRYSTAL CITY,MCPHERSON SQUARE,30.858333333333334,52
CRYSTAL CITY,METRO CENTER,30.9,53
CRYSTAL CITY,MT VERNON SQ 7TH ST-CONVENTION CENTER,33.74166666666667,8
CRYSTAL CITY,NAVY YARD-BALLPARK,28.166666666666668,37
CRYSTAL CITY,NOMA-GALLAUDET,48.358333333333334,6
CRYSTAL CITY,PENTAGON,5.125,28
CRYSTAL CITY,PENTAGON CITY,6.85,667
CRYSTAL CITY,POTOMAC AVE,35.06666666666667,5
CRYSTAL CITY,RONALD REAGAN WASHINGTON NATIONAL AIRPORT,6.866666666666666,15
CRYSTAL CITY,ROSSLYN,35.46666666666667,14
CRYSTAL CITY,SMITHSONIAN,41.11666666666667,51
CRYSTAL CITY,U STREET/AFRICAN-AMER CIVIL WAR MEMORIAL/CARDOZO,38.96666666666667,13
CRYSTAL CITY,UNION STATION,34.65,8
CRYSTAL CITY,VIRGINIA SQUARE-GMU,27.016666666666666,5
CRYSTAL CITY,WATERFRONT,24.283333333333335,19
DEANWOOD,MINNESOTA AVE,8.85,18
DUPONT CIRCLE,ARCHIVES-NAVY MEMORIAL-PENN QUARTER,17.45,898
DUPONT CIRCLE,BALLSTON-MU,37.833333333333336,10
DUPONT CIRCLE,BETHESDA,57.99166666666667,6
DUPONT CIRCLE,BROOKLAND-CUA,30.558333333333334,10
DUPONT CIRCLE,CAPITOL SOUTH,29.225,216
DUPONT CIRCLE,CLARENDON,31.766666666666666,8
DUPONT CIRCLE,CLEVELAND PARK,16.833333333333332,125
DUPONT CIRCLE,COLUMBIA HEIGHTS,14.366666666666667,891
DUPONT CIRCLE,COURT HOUSE,21.15833333333333,60
DUPONT CIRCLE,CRYSTAL CITY,41.68333333333333,21
DUPONT CIRCLE,EASTERN MARKET,30.225,190
DUPONT CIRCLE,FARRAGUT NORTH,6.15,3764
DUPONT CIRCLE,FARRAGUT WEST,6.883333333333334,4131
DUPONT CIRCLE,FEDERAL CENTER SW,26.141666666666666,330
DUPONT CIRCLE,FEDERAL TRIANGLE,17.008333333333333,998
DUPONT CIRCLE,FOGGY BOTTOM-GWU,6.866666666666666,4239
DUPONT CIRCLE,FRIENDSHIP HEIGHTS,31.516666666666666,3
DUPONT CIRCLE,GALLERY PL-CHINATOWN,13.916666666666666,2020
DUPONT CIRCLE,GEORGIA AVE-PETWORTH,18.641666666666666,296
DUPONT CIRCLE,JUDICIARY SQUARE,15.7,1186
DUPONT CIRCLE,L'ENFANT PLAZA,25.083333333333332,599
DUPONT CIRCLE,MCPHERSON SQUARE,8.283333333333333,3396
DUPONT CIRCLE,METRO CENTER,12.15,2299
DUPONT CIRCLE,MT VERNON SQ 7TH ST-CONVENTION CENTER,11.65,2027
DUPONT CIRCLE,NAVY YARD-BALLPARK,27.1,263
DUPONT CIRCLE,NOMA-GALLAUDET,19.366666666666667,545
DUPONT CIRCLE,PENTAGON CITY,27.983333333333334,26
DUPONT CIRCLE,POTOMAC AVE,32.833333333333336,17
DUPONT CIRCLE,RHODE ISLAND AVE-BRENTWOOD,23.866666666666667,31
DUPONT CIRCLE,RONALD REAGAN WASHINGTON NATIONAL AIRPORT,26.366666666666667,3
DUPONT CIRCLE,ROSSLYN,17.4,195
DUPONT CIRCLE,SHAW-HOWARD U,10.95,1850
DUPONT CIRCLE,SILVER SPRING,28.758333333333333,6
DUPONT CIRCLE,SMITHSONIAN,23.141666666666666,664
DUPONT CIRCLE,STADIUM-ARMORY,28.183333333333334,23
DUPONT CIRCLE,TENLEYTOWN-AU,29.258333333333333,28
DUPONT CIRCLE,U STREET/AFRICAN-AMER CIVIL WAR MEMORIAL/CARDOZO,9.383333333333333,3113
DUPONT CIRCLE,UNION STATION,18.1,533
DUPONT CIRCLE,VAN NESS-UDC,16.166666666666668,29
DUPONT CIRCLE,VIRGINIA SQUARE-GMU,37.45,9
DUPONT CIRCLE,WATERFRONT,24.183333333333334,237
DUPONT CIRCLE,WOODLEY PARK-ZOO/ADAMS MORGAN,11.916666666666666,208
EAST FALLS CHURCH,BALLSTON-MU,23.333333333333336,12
EAST FALLS CHURCH,DUNN LORING-MERRIFIELD,34.5,3
EASTERN MARKET,ANACOSTIA,17.5,6
EASTERN MARKET,ARCHIVES-NAVY MEMORIAL-PENN QUARTER,14.05,725
EASTERN MARKET,BALLSTON-MU,156.85,3
EASTERN MARKET,BROOKLAND-CUA,26.766666666666666,25
EASTERN MARKET,CAPITOL SOUTH,5.45,1042
EASTERN MARKET,COLUMBIA HEIGHTS,32.06666666666667,21
EASTERN MARKET,CRYSTAL CITY,38.474999999999994,10
EASTERN MARKET,DUPONT CIRCLE,29.933333333333334,116
EASTERN MARKET,FARRAGUT NORTH,22.424999999999997,232
EASTERN MARKET,FARRAGUT WEST,22.533333333333335,277
EASTERN MARKET,FEDERAL CENTER SW,11.683333333333334,483
EASTERN MARKET,FEDERAL TRIANGLE,20.125,386
EASTERN MARKET,FOGGY BOTTOM-GWU,24.308333333333334,150
EASTERN MARKET,GALLERY PL-CHINATOWN,15.766666666666667,837
EASTERN MARKET,GEORGIA AVE-PETWORTH,27.083333333333332,19
EASTERN MARKET,JUDICIARY SQUARE,13.3,872
EASTERN MARKET,L'ENFANT PLAZA,13.383333333333333,743
EASTERN MARKET,MCPHERSON SQUARE,21.583333333333332,413
EASTERN MARKET,METRO CENTER,18.541666666666668,564
EASTERN MARKET,MT VERNON SQ 7TH ST-CONVENTION CENTER,18.133333333333333,267
EASTERN MARKET,NAVY YARD-BALLPARK,6.766666666666667,1518
EASTERN MARKET,NOMA-GALLAUDET,12.133333333333333,746
EASTERN MARKET,PENTAGON CITY,60.55,5
EASTERN MARKET,POTOMAC AVE,5.4,734
EASTERN MARKET,RHODE ISLAND AVE-BRENTWOOD,22.316666666666666,37
EASTERN MARKET,RONALD REAGAN WASHINGTON NATIONAL AIRPORT,25.4,8
EASTERN MARKET,ROSSLYN,51.94166666666666,16
EASTERN MARKET,SHAW-HOWARD U,21.958333333333332,82
EASTERN MARKET,SMITHSONIAN,20.85,332
EASTERN MARKET,STADIUM-ARMORY,7.058333333333334,468
EASTERN MARKET,U STREET/AFRICAN-AMER CIVIL WAR MEMORIAL/CARDOZO,24.55,119
EASTERN MARKET,UNION STATION,10.008333333333333,974
EASTERN MARKET,WATERFRONT,12.875,412
EASTERN MARKET,WOODLEY PARK-ZOO/ADAMS MORGAN,41.0,4
EISENHOWER AVENUE,KING ST-OLD TOWN,5.983333333333333,79
EISENHOWER AVENUE,VAN DORN STREET,24.166666666666668,3
FARRAGUT NORTH,ARCHIVES-NAVY MEMORIAL-PENN QUARTER,15.05,1282
FARRAGUT NORTH,BALLSTON-MU,45.21666666666667,4
FARRAGUT NORTH,BETHESDA,53.96666666666667,10
FARRAGUT NORTH,BROOKLAND-CUA,31.325,10
FARRAGUT NORTH,CAPITOL SOUTH,24.3,398
FARRAGUT NORTH,CLARENDON,29.65,5
FARRAGUT NORTH,CLEVELAND PARK,19.0,57
FARRAGUT NORTH,COLUMBIA HEIGHTS,16.133333333333333,712
FARRAGUT NORTH,COURT HOUSE,21.90833333333333,52
FARRAGUT NORTH,CRYSTAL CITY,33.766666666666666,31
FARRAGUT NORTH,DUPONT CIRCLE,6.366666666666666,3291
FARRAGUT NORTH,EASTERN MARKET,25.633333333333333,301
FARRAGUT NORTH,FARRAGUT WEST,5.583333333333333,2861
FARRAGUT NORTH,FEDERAL CENTER SW,22.316666666666666,510
FARRAGUT NORTH,FEDERAL TRIANGLE,13.866666666666667,1332
FARRAGUT NORTH,FOGGY BOTTOM-GWU,6.883333333333334,2774
FARRAGUT NORTH,FORT TOTTEN,52.583333333333336,4
FARRAGUT NORTH,FRIENDSHIP HEIGHTS,48.583333333333336,4
FARRAGUT NORTH,GALLERY PL-CHINATOWN,11.183333333333334,2663
FARRAGUT NORTH,GEORGIA AVE-PETWORTH,20.05,224
FARRAGUT NORTH,JUDICIARY SQUARE,13.783333333333333,1711
FARRAGUT NORTH,L'ENFANT PLAZA,21.45,891
FARRAGUT NORTH,MCPHERSON SQUARE,6.283333333333333,3396
FARRAGUT NORTH,METRO CENTER,9.033333333333333,2965
FARRAGUT NORTH,MT VERNON SQ 7TH ST-CONVENTION CENTER,10.083333333333334,2413
FARRAGUT NORTH,NAVY YARD-BALLPARK,24.933333333333334,431
FARRAGUT NORTH,NOMA-GALLAUDET,17.2,679
FARRAGUT NORTH,PENTAGON,42.56666666666667,13
FARRAGUT NORTH,PENTAGON CITY,30.6,50
FARRAGUT NORTH,POTOMAC AVE,27.791666666666668,34
FARRAGUT NORTH,RHODE ISLAND AVE-BRENTWOOD,25.916666666666668,29
FARRAGUT NORTH,RONALD REAGAN WASHINGTON NATIONAL AIRPORT,33.983333333333334,5
FARRAGUT NORTH,ROSSLYN,25.583333333333332,137
FARRAGUT NORTH,SHAW-HOWARD U,12.066666666666666,1400
FARRAGUT NORTH,SILVER SPRING,360.98333333333335,15
FARRAGUT NORTH,SMITHSONIAN,19.96666666666667,932
FARRAGUT NORTH,STADIUM-ARMORY,25.141666666666666,38
FARRAGUT NORTH,TAKOMA,32.06666666666667,3
FARRAGUT NORTH,TENLEYTOWN-AU,32.13333333333333,7
FARRAGUT NORTH,U STREET/AFRICAN-AMER CIVIL WAR MEMORIAL/CARDOZO,11.816666666666666,2393
FARRAGUT NORTH,UNION STATION,17.15833333333333,766
FARRAGUT NORTH,VAN NESS-UDC,23.0,21
FARRAGUT NORTH,VIRGINIA SQUARE-GMU,38.71666666666667,4
FARRAGUT NORTH,WATERFRONT,20.533333333333335,393
FARRAGUT NORTH,WOODLEY PARK-ZOO/ADAMS MORGAN,15.083333333333332,110
FARRAGUT WEST,ARCHIVES-NAVY MEMORIAL-PENN QUARTER,15.266666666666666,1386
FARRAGUT WEST,BALLSTON-MU,45.266666666666666,9
FARRAGUT WEST,BETHESDA,49.983333333333334,7
FARRAGUT WEST,BROOKLAND-CUA,33.74166666666667,10
FARRAGUT WEST,CAPITOL SOUTH,24.40833333333333,456
FARRAGUT WEST,CLARENDON,28.516666666666666,4
FARRAGUT WEST,CLEVELAND PARK,19.666666666666668,59
FARRAGUT WEST,COLUMBIA HEIGHTS,17.083333333333336,608
FARRAGUT WEST,COURT HOUSE,21.983333333333334,70
FARRAGUT WEST,CRYSTAL CITY,36.65,47
FARRAGUT WEST,DUPONT CIRCLE,7.433333333333334,3586
FARRAGUT WEST,EASTERN MARKET,24.808333333333334,336
FARRAGUT WEST,FARRAGUT NORTH,5.683333333333334,2829
FARRAGUT WEST,FEDERAL CENTER SW,21.933333333333334,574
FARRAGUT WEST,FEDERAL TRIANGLE,14.866666666666667,1343
FARRAGUT WEST,FOGGY BOTTOM-GWU,6.0,3031
FARRAGUT WEST,FORT TOTTEN,36.69166666666666,4
FARRAGUT WEST,FRIENDSHIP HEIGHTS,48.2,6
FARRAGUT WEST,GALLERY PL-CHINATOWN,11.758333333333333,2840
FARRAGUT WEST,GEORGIA AVE-PETWORTH,22.125,212
FARRAGUT WEST,JUDICIARY SQUARE,13.716666666666667,1933
FARRAGUT WEST,KING ST-OLD TOWN,47.825,6
FARRAGUT WEST,L'ENFANT PLAZA,20.166666666666668,1044
FARRAGUT WEST,MCPHERSON SQUARE,6.983333333333333,3397
FARRAGUT WEST,METRO CENTER,9.6,3045
FARRAGUT WEST,MINNESOTA AVE,61.983333333333334,3
FARRAGUT WEST,MT VERNON SQ 7TH ST-CONVENTION CENTER,10.666666666666666,2684
FARRAGUT WEST,NAVY YARD-BALLPARK,24.516666666666666,462
FARRAGUT WEST,NOMA-GALLAUDET,18.55,669
FARRAGUT WEST,PENTAGON,37.05833333333334,12
FARRAGUT WEST,PENTAGON CITY,30.283333333333335,52
FARRAGUT WEST,POTOMAC AVE,26.8,51
FARRAGUT WEST,RHODE ISLAND AVE-BRENTWOOD,27.016666666666666,33
FARRAGUT WEST,RONALD REAGAN WASHINGTON NATIONAL AIRPORT,33.35,6
FARRAGUT WEST,ROSSLYN,22.9,174
FARRAGUT WEST,SHAW-HOWARD U,12.733333333333333,1381
FARRAGUT WEST,SILVER SPRING,361.975,14
FARRAGUT WEST,SMITHSONIAN,20.416666666666668,1015
FARRAGUT WEST,STADIUM-ARMORY,25.566666666666666,47
FARRAGUT WEST,TENLEYTOWN-AU,28.65,8
FARRAGUT WEST,U STREET/AFRICAN-AMER CIVIL WAR MEMORIAL/CARDOZO,13.066666666666666,2266
FARRAGUT WEST,UNION STATION,17.733333333333334,799
FARRAGUT WEST,VAN NESS-UDC,23.008333333333333,18
FARRAGUT WEST,VIRGINIA SQUARE-GMU,35.858333333333334,4
FARRAGUT WEST,WATERFRONT,19.2,489
FARRAGUT WEST,WOODLEY PARK-ZOO/ADAMS MORGAN,16.6,156
FEDERAL CENTER SW,ANACOSTIA,31.15,5
FEDERAL CENTER SW,ARCHIVES-NAVY MEMORIAL-PENN QUARTER,11.066666666666666,1333
FEDERAL CENTER SW,BROOKLAND-CUA,28.433333333333334,7
FEDERAL CENTER SW,CAPITOL SOUTH,10.766666666666667,599
FEDERAL CENTER SW,CLARENDON,66.28333333333333,3
FEDERAL CENTER SW,CLEVELAND PARK,22.95,5
FEDERAL CENTER SW,COLUMBIA HEIGHTS,27.75,23
FEDERAL CENTER SW,COURT HOUSE,28.258333333333333,18
FEDERAL CENTER SW,CRYSTAL CITY,30.125,22
FEDERAL CENTER SW,DUPONT CIRCLE,32.38333333333333,207
FEDERAL CENTER SW,EASTERN MARKET,14.05,465
FEDERAL CENTER SW,FARRAGUT NORTH,30.30833333333333,426
FEDERAL CENTER SW,FARRAGUT WEST,28.65833333333333,508
FEDERAL CENTER SW,FEDERAL TRIANGLE,16.9,1484
FEDERAL CENTER SW,FOGGY BOTTOM-GWU,31.35,336
FEDERAL CENTER SW,GALLERY PL-CHINATOWN,12.408333333333333,1472
FEDERAL CENTER SW,GEORGIA AVE-PETWORTH,30.266666666666666,33
FEDERAL CENTER SW,JUDICIARY SQUARE,10.466666666666667,1341
FEDERAL CENTER SW,L'ENFANT PLAZA,8.7,1486
FEDERAL CENTER SW,MCPHERSON SQUARE,20.858333333333334,1016
FEDERAL CENTER SW,METRO CENTER,14.75,1544
FEDERAL CENTER SW,MT VERNON SQ 7TH ST-CONVENTION CENTER,14.158333333333333,418
FEDERAL CENTER SW,NAVY YARD-BALLPARK,9.683333333333334,909
FEDERAL CENTER SW,NOMA-GALLAUDET,15.866666666666667,404
FEDERAL CENTER SW,PENTAGON CITY,37.358333333333334,12
FEDERAL CENTER SW,POTOMAC AVE,16.758333333333333,88
FEDERAL CENTER SW,RHODE ISLAND AVE-BRENTWOOD,19.008333333333333,28
FEDERAL CENTER SW,ROSSLYN,59.95,60
FEDERAL CENTER SW,SHAW-HOWARD U,17.608333333333334,194
FEDERAL CENTER SW,SMITHSONIAN,19.216666666666665,1478
FEDERAL CENTER SW,STADIUM-ARMORY,18.025,32
FEDERAL CENTER SW,U STREET/AFRICAN-AMER CIVIL WAR MEMORIAL/CARDOZO,22.566666666666666,190
FEDERAL CENTER SW,UNION STATION,11.7,781
FEDERAL CENTER SW,WATERFRONT,5.983333333333333,861
FEDERAL CENTER SW,WOODLEY PARK-ZOO/ADAMS MORGAN,34.13333333333333,14
FEDERAL TRIANGLE,ANACOSTIA,26.225,4
FEDERAL TRIANGLE,ARCHIVES-NAVY MEMORIAL-PENN QUARTER,13.483333333333333,1741
FEDERAL TRIANGLE,BETHESDA,136.36666666666667,4
FEDERAL TRIANGLE,BROOKLAND-CUA,31.708333333333332,8
FEDERAL TRIANGLE,CAPITOL SOUTH,19.783333333333335,673
FEDERAL TRIANGLE,CLARENDON,30.808333333333334,4
FEDERAL TRIANGLE,CLEVELAND PARK,46.483333333333334,14
FEDERAL TRIANGLE,COLUMBIA HEIGHTS,19.875,156
FEDERAL TRIANGLE,COURT HOUSE,34.11666666666667,35
FEDERAL TRIANGLE,CRYSTAL CITY,42.11666666666667,53
FEDERAL TRIANGLE,DUPONT CIRCLE,17.55,847
FEDERAL TRIANGLE,EAST FALLS CHURCH,100.94166666666666,4
FEDERAL TRIANGLE,EASTERN MARKET,22.1,413
FEDERAL TRIANGLE,FARRAGUT NORTH,15.3,1166
FEDERAL TRIANGLE,FARRAGUT WEST,16.175,1156
FEDERAL TRIANGLE,FEDERAL CENTER SW,14.833333333333334,1262
FEDERAL TRIANGLE,FOGGY BOTTOM-GWU,18.266666666666666,971
FEDERAL TRIANGLE,FRIENDSHIP HEIGHTS,67.26666666666667,3
FEDERAL TRIANGLE,GALLERY PL-CHINATOWN,9.983333333333333,2136
FEDERAL TRIANGLE,GEORGIA AVE-PETWORTH,21.883333333333333,77
FEDERAL TRIANGLE,JUDICIARY SQUARE,12.416666666666666,1951
FEDERAL TRIANGLE,KING ST-OLD TOWN,69.9,3
FEDERAL TRIANGLE,L'ENFANT PLAZA,15.075,1840
FEDERAL TRIANGLE,MCPHERSON SQUARE,11.691666666666666,2078
FEDERAL TRIANGLE,METRO CENTER,10.383333333333333,2488
FEDERAL TRIANGLE,MT VERNON SQ 7TH ST-CONVENTION CENTER,9.491666666666667,1236
FEDERAL TRIANGLE,NAVY YARD-BALLPARK,18.1,616
FEDERAL TRIANGLE,NOMA-GALLAUDET,16.15,499
FEDERAL TRIANGLE,PENTAGON,31.333333333333336,4
FEDERAL TRIANGLE,PENTAGON CITY,37.325,36
FEDERAL TRIANGLE,POTOMAC AVE,19.85,55
FEDERAL TRIANGLE,RHODE ISLAND AVE-BRENTWOOD,25.391666666666666,40
FEDERAL TRIANGLE,RONALD REAGAN WASHINGTON NATIONAL AIRPORT,33.06666666666667,4
FEDERAL TRIANGLE,ROSSLYN,42.43333333333333,107
FEDERAL TRIANGLE,SHAW-HOWARD U,12.283333333333333,551
FEDERAL TRIANGLE,SMITHSONIAN,24.15,1376
FEDERAL TRIANGLE,STADIUM-ARMORY,20.916666666666668,59
FEDERAL TRIANGLE,TAKOMA,50.61666666666667,7
FEDERAL TRIANGLE,U STREET/AFRICAN-AMER CIVIL WAR MEMORIAL/CARDOZO,14.583333333333334,571
FEDERAL TRIANGLE,UNION STATION,14.65,845
FEDERAL TRIANGLE,VAN NESS-UDC,46.333333333333336,7
FEDERAL TRIANGLE,WATERFRONT,13.2,555
FEDERAL TRIANGLE,WOODLEY PARK-ZOO/ADAMS MORGAN,27.283333333333335,37
FOGGY BOTTOM-GWU,ARCHIVES-NAVY MEMORIAL-PENN QUARTER,17.775,958
FOGGY BOTTOM-GWU,BALLSTON-MU,28.383333333333333,11
FOGGY BOTTOM-GWU,BETHESDA,58.79166666666667,8
FOGGY BOTTOM-GWU,BROOKLAND-CUA,45.166666666666664,3
FOGGY BOTTOM-GWU,CAPITOL SOUTH,27.65,233
FOGGY BOTTOM-GWU,CLARENDON,23.041666666666664,16
FOGGY BOTTOM-GWU,CLEVELAND PARK,23.383333333333333,33
FOGGY BOTTOM-GWU,COLUMBIA HEIGHTS,18.683333333333334,452
FOGGY BOTTOM-GWU,COURT HOUSE,20.65,86
FOGGY BOTTOM-GWU,CRYSTAL CITY,30.391666666666666,36
FOGGY BOTTOM-GWU,DUPONT CIRCLE,7.35,3804
FOGGY BOTTOM-GWU,EASTERN MARKET,27.191666666666666,172
FOGGY BOTTOM-GWU,FARRAGUT NORTH,6.866666666666666,2728
FOGGY BOTTOM-GWU,FARRAGUT WEST,5.716666666666667,3067
FOGGY BOTTOM-GWU,FEDERAL CENTER SW,23.758333333333333,358
FOGGY BOTTOM-GWU,FEDERAL TRIANGLE,17.083333333333332,952
FOGGY BOTTOM-GWU,FRIENDSHIP HEIGHTS,47.5,6
FOGGY BOTTOM-GWU,GALLERY PL-CHINATOWN,14.75,1825
FOGGY BOTTOM-GWU,GEORGIA AVE-PETWORTH,23.1,151
FOGGY BOTTOM-GWU,JUDICIARY SQUARE,16.8,1193
FOGGY BOTTOM-GWU,KING ST-OLD TOWN,47.825,4
FOGGY BOTTOM-GWU,L'ENFANT PLAZA,22.083333333333332,721
FOGGY BOTTOM-GWU,MCPHERSON SQUARE,9.258333333333333,2694
FOGGY BOTTOM-GWU,METRO CENTER,12.1,2234
FOGGY BOTTOM-GWU,MINNESOTA AVE,61.983333333333334,3
FOGGY BOTTOM-GWU,MT VERNON SQ 7TH ST-CONVENTION CENTER,13.433333333333334,1626
FOGGY BOTTOM-GWU,NAVY YARD-BALLPARK,27.683333333333334,247
FOGGY BOTTOM-GWU,NOMA-GALLAUDET,22.366666666666667,319
FOGGY BOTTOM-GWU,PENTAGON,18.525,8
FOGGY BOTTOM-GWU,PENTAGON CITY,26.575000000000003,64
FOGGY BOTTOM-GWU,POTOMAC AVE,27.116666666666667,47
FOGGY BOTTOM-GWU,RHODE ISLAND AVE-BRENTWOOD,29.775,22
FOGGY BOTTOM-GWU,RONALD REAGAN WASHINGTON NATIONAL AIRPORT,27.633333333333333,10
FOGGY BOTTOM-GWU,ROSSLYN,16.5,279
FOGGY BOTTOM-GWU,SHAW-HOWARD U,15.416666666666666,835
FOGGY BOTTOM-GWU,SILVER SPRING,78.76666666666667,3
FOGGY BOTTOM-GWU,SMITHSONIAN,22.15,701
FOGGY BOTTOM-GWU,STADIUM-ARMORY,29.05,7
FOGGY BOTTOM-GWU,TENLEYTOWN-AU,24.95,7
FOGGY BOTTOM-GWU,U STREET/AFRICAN-AMER CIVIL WAR MEMORIAL/CARDOZO,14.583333333333334,1615
FOGGY BOTTOM-GWU,UNION STATION,20.508333333333333,422
FOGGY BOTTOM-GWU,VAN NESS-UDC,16.758333333333333,4
FOGGY BOTTOM-GWU,VIRGINIA SQUARE-GMU,28.383333333333333,7
FOGGY BOTTOM-GWU,WATERFRONT,19.7,285
FOGGY BOTTOM-GWU,WOODLEY PARK-ZOO/ADAMS MORGAN,15.850000000000001,192
FORT TOTTEN,ARCHIVES-NAVY MEMORIAL-PENN QUARTER,37.63333333333333,5
FORT TOTTEN,BROOKLAND-CUA,10.233333333333334,8
FORT TOTTEN,COLUMBIA HEIGHTS,24.0,15
FORT TOTTEN,FARRAGUT NORTH,30.741666666666667,12
FORT TOTTEN,FARRAGUT WEST,30.741666666666667,12
FORT TOTTEN,FEDERAL CENTER SW,31.75,7
FORT TOTTEN,FOGGY BOTTOM-GWU,113.9,3
FORT TOTTEN,GALLERY PL-CHINATOWN,37.63333333333333,5
FORT TOTTEN,GEORGIA AVE-PETWORTH,14.766666666666666,4
FORT TOTTEN,JUDICIARY SQUARE,37.25833333333333,4
FORT TOTTEN,L'ENFANT PLAZA,31.75,7
FORT TOTTEN,MCPHERSON SQUARE,31.116666666666667,11
FORT TOTTEN,METRO CENTER,40.983333333333334,5
FORT TOTTEN,MT VERNON SQ 7TH ST-CONVENTION CENTER,37.63333333333333,3
FORT TOTTEN,NOMA-GALLAUDET,26.1,12
FORT TOTTEN,RHODE ISLAND AVE-BRENTWOOD,30.566666666666666,3
FORT TOTTEN,SMITHSONIAN,31.75,7
FORT TOTTEN,TAKOMA,17.333333333333332,4
FORT TOTTEN,U STREET/AFRICAN-AMER CIVIL WAR MEMORIAL/CARDOZO,30.766666666666666,3
FORT TOTTEN,UNION STATION,24.05,3
FRIENDSHIP HEIGHTS,BETHESDA,15.091666666666667,44
FRIENDSHIP HEIGHTS,CLEVELAND PARK,17.833333333333332,25
FRIENDSHIP HEIGHTS,COLUMBIA HEIGHTS,23.258333333333333,6
FRIENDSHIP HEIGHTS,DUPONT CIRCLE,34.40833333333333,20
FRIENDSHIP HEIGHTS,FARRAGUT NORTH,34.94166666666666,16
FRIENDSHIP HEIGHTS,FARRAGUT WEST,34.94166666666666,16
FRIENDSHIP HEIGHTS,FOGGY BOTTOM-GWU,34.833333333333336,19
FRIENDSHIP HEIGHTS,GEORGIA AVE-PETWORTH,27.066666666666666,3
FRIENDSHIP HEIGHTS,MCPHERSON SQUARE,45.28333333333333,4
FRIENDSHIP HEIGHTS,METRO CENTER,45.28333333333333,4
FRIENDSHIP HEIGHTS,SILVER SPRING,29.233333333333334,4
FRIENDSHIP HEIGHTS,TENLEYTOWN-AU,6.666666666666667,77
FRIENDSHIP HEIGHTS,U STREET/AFRICAN-AMER CIVIL WAR MEMORIAL/CARDOZO,26.35,6
FRIENDSHIP HEIGHTS,VAN NESS-UDC,16.083333333333336,18
FRIENDSHIP HEIGHTS,WOODLEY PARK-ZOO/ADAMS MORGAN,19.0,10
GALLERY PL-CHINATOWN,ANACOSTIA,24.675,4
GALLERY PL-CHINATOWN,ARCHIVES-NAVY MEMORIAL-PENN QUARTER,6.466666666666667,2629
GALLERY PL-CHINATOWN,BALLSTON-MU,24.783333333333335,5
GALLERY PL-CHINATOWN,BROOKLAND-CUA,25.925,32
GALLERY PL-CHINATOWN,CAPITOL SOUTH,15.566666666666666,841
GALLERY PL-CHINATOWN,CLARENDON,30.808333333333334,8
GALLERY PL-CHINATOWN,CLEVELAND PARK,28.733333333333334,24
GALLERY PL-CHINATOWN,COLUMBIA HEIGHTS,18.683333333333334,366
GALLERY PL-CHINATOWN,COURT HOUSE,32.725,42
GALLERY PL-CHINATOWN,CRYSTAL CITY,32.766666666666666,41
GALLERY PL-CHINATOWN,DUPONT CIRCLE,14.066666666666666,1921
GALLERY PL-CHINATOWN,EAST FALLS CHURCH,100.94166666666666,4
GALLERY PL-CHINATOWN,EASTERN MARKET,16.9,831
GALLERY PL-CHINATOWN,FARRAGUT NORTH,11.266666666666667,2380
GALLERY PL-CHINATOWN,FARRAGUT WEST,11.466666666666667,2657
GALLERY PL-CHINATOWN,FEDERAL CENTER SW,11.85,1439
GALLERY PL-CHINATOWN,FEDERAL TRIANGLE,8.45,2103
GALLERY PL-CHINATOWN,FOGGY BOTTOM-GWU,14.55,1873
GALLERY PL-CHINATOWN,FORT TOTTEN,36.8,5
GALLERY PL-CHINATOWN,GEORGIA AVE-PETWORTH,19.666666666666668,233
GALLERY PL-CHINATOWN,JUDICIARY SQUARE,6.216666666666667,3590
GALLERY PL-CHINATOWN,L'ENFANT PLAZA,12.691666666666666,1972
GALLERY PL-CHINATOWN,MCPHERSON SQUARE,8.066666666666666,3964
GALLERY PL-CHINATOWN,METRO CENTER,6.533333333333333,4601
GALLERY PL-CHINATOWN,MT VERNON SQ 7TH ST-CONVENTION CENTER,6.2,3237
GALLERY PL-CHINATOWN,NAVY YARD-BALLPARK,16.991666666666667,976
GALLERY PL-CHINATOWN,NOMA-GALLAUDET,10.683333333333334,2043
GALLERY PL-CHINATOWN,PENTAGON CITY,34.43333333333333,35
GALLERY PL-CHINATOWN,POTOMAC AVE,18.366666666666667,155
GALLERY PL-CHINATOWN,RHODE ISLAND AVE-BRENTWOOD,20.674999999999997,102
GALLERY PL-CHINATOWN,RONALD REAGAN WASHINGTON NATIONAL AIRPORT,30.758333333333333,6
GALLERY PL-CHINATOWN,ROSSLYN,34.06666666666666,86
GALLERY PL-CHINATOWN,SHAW-HOWARD U,9.0,1884
GALLERY PL-CHINATOWN,SILVER SPRING,52.5,4
GALLERY PL-CHINATOWN,SMITHSONIAN,16.90833333333333,1334
GALLERY PL-CHINATOWN,STADIUM-ARMORY,17.966666666666665,111
GALLERY PL-CHINATOWN,TAKOMA,50.61666666666667,7
GALLERY PL-CHINATOWN,U STREET/AFRICAN-AMER CIVIL WAR MEMORIAL/CARDOZO,11.05,1903
GALLERY PL-CHINATOWN,UNION STATION,8.716666666666667,2437
GALLERY PL-CHINATOWN,VAN NESS-UDC,46.333333333333336,7
GALLERY PL-CHINATOWN,VIRGINIA SQUARE-GMU,42.575,6
GALLERY PL-CHINATOWN,WATERFRONT,12.266666666666666,806
GALLERY PL-CHINATOWN,WOODLEY PARK-ZOO/ADAMS MORGAN,23.716666666666665,53
GEORGIA AVE-PETWORTH,ARCHIVES-NAVY MEMORIAL-PENN QUARTER,18.666666666666668,145
GEORGIA AVE-PETWORTH,BALLSTON-MU,30.541666666666668,10
GEORGIA AVE-PETWORTH,BROOKLAND-CUA,15.858333333333334,20
GEORGIA AVE-PETWORTH,CAPITOL SOUTH,33.9,17
GEORGIA AVE-PETWORTH,CLEVELAND PARK,26.2,5
GEORGIA AVE-PETWORTH,COLUMBIA HEIGHTS,5.2,615
GEORGIA AVE-PETWORTH,CRYSTAL CITY,39.36666666666667,7
GEORGIA AVE-PETWORTH,DUPONT CIRCLE,16.666666666666668,437
GEORGIA AVE-PETWORTH,EASTERN MARKET,37.516666666666666,12
GEORGIA AVE-PETWORTH,FARRAGUT NORTH,17.65,351
GEORGIA AVE-PETWORTH,FARRAGUT WEST,19.2,364
GEORGIA AVE-PETWORTH,FEDERAL CENTER SW,19.066666666666666,65
GEORGIA AVE-PETWORTH,FEDERAL TRIANGLE,19.025,134
GEORGIA AVE-PETWORTH,FOGGY BOTTOM-GWU,20.975,224
GEORGIA AVE-PETWORTH,FORT TOTTEN,20.491666666666667,4
GEORGIA AVE-PETWORTH,GALLERY PL-CHINATOWN,17.816666666666666,378
GEORGIA AVE-PETWORTH,JUDICIARY SQUARE,20.733333333333334,205
GEORGIA AVE-PETWORTH,L'ENFANT PLAZA,21.016666666666666,85
GEORGIA AVE-PETWORTH,MCPHERSON SQUARE,17.016666666666666,421
GEORGIA AVE-PETWORTH,METRO CENTER,17.55,399
GEORGIA AVE-PETWORTH,MT VERNON SQ 7TH ST-CONVENTION CENTER,15.816666666666666,293
GEORGIA AVE-PETWORTH,NAVY YARD-BALLPARK,37.516666666666666,19
GEORGIA AVE-PETWORTH,NOMA-GALLAUDET,18.941666666666666,168
GEORGIA AVE-PETWORTH,POTOMAC AVE,42.56666666666667,5
GEORGIA AVE-PETWORTH,RHODE ISLAND AVE-BRENTWOOD,17.766666666666666,22
GEORGIA AVE-PETWORTH,ROSSLYN,24.266666666666666,19
GEORGIA AVE-PETWORTH,SHAW-HOWARD U,9.7,379
GEORGIA AVE-PETWORTH,SILVER SPRING,27.8,7
GEORGIA AVE-PETWORTH,SMITHSONIAN,25.40833333333333,34
GEORGIA AVE-PETWORTH,TAKOMA,18.083333333333332,24
GEORGIA AVE-PETWORTH,TENLEYTOWN-AU,18.325000000000003,14
GEORGIA AVE-PETWORTH,U STREET/AFRICAN-AMER CIVIL WAR MEMORIAL/CARDOZO,8.833333333333334,633
GEORGIA AVE-PETWORTH,UNION STATION,23.191666666666666,116
GEORGIA AVE-PETWORTH,VAN NESS-UDC,19.333333333333332,11
GEORGIA AVE-PETWORTH,WATERFRONT,31.183333333333334,18
GEORGIA AVE-PETWORTH,WOODLEY PARK-ZOO/ADAMS MORGAN,12.475,52
GREENSBORO,TYSONS CORNER,8.399999999999999,10
JUDICIARY SQUARE,ANACOSTIA,22.65,4
JUDICIARY SQUARE,ARCHIVES-NAVY MEMORIAL-PENN QUARTER,7.783333333333333,2330
JUDICIARY SQUARE,BALLSTON-MU,43.88333333333333,3
JUDICIARY SQUARE,BROOKLAND-CUA,26.0,39
JUDICIARY SQUARE,CAPITOL SOUTH,13.766666666666667,840
JUDICIARY SQUARE,CLEVELAND PARK,30.283333333333335,13
JUDICIARY SQUARE,COLUMBIA HEIGHTS,21.033333333333335,191
JUDICIARY SQUARE,COURT HOUSE,40.34166666666667,16
JUDICIARY SQUARE,CRYSTAL CITY,33.016666666666666,41
JUDICIARY SQUARE,DUPONT CIRCLE,16.275,1124
JUDICIARY SQUARE,EASTERN MARKET,15.333333333333334,883
JUDICIARY SQUARE,FARRAGUT NORTH,14.116666666666667,1633
JUDICIARY SQUARE,FARRAGUT WEST,13.825,1906
JUDICIARY SQUARE,FEDERAL CENTER SW,10.35,1303
JUDICIARY SQUARE,FEDERAL TRIANGLE,13.016666666666666,2160
JUDICIARY SQUARE,FOGGY BOTTOM-GWU,16.9,1260
JUDICIARY SQUARE,GALLERY PL-CHINATOWN,6.85,3810
JUDICIARY SQUARE,GEORGIA AVE-PETWORTH,21.59166666666667,116
JUDICIARY SQUARE,L'ENFANT PLAZA,11.733333333333333,1777
JUDICIARY SQUARE,MCPHERSON SQUARE,10.75,3176
JUDICIARY SQUARE,METRO CENTER,8.7,3844
JUDICIARY SQUARE,MT VERNON SQ 7TH ST-CONVENTION CENTER,7.525,2112
JUDICIARY SQUARE,NAVY YARD-BALLPARK,15.725,814
JUDICIARY SQUARE,NOMA-GALLAUDET,9.483333333333333,2184
JUDICIARY SQUARE,PENTAGON CITY,38.5,29
JUDICIARY SQUARE,POTOMAC AVE,16.433333333333334,187
JUDICIARY SQUARE,RHODE ISLAND AVE-BRENTWOOD,17.383333333333333,67
JUDICIARY SQUARE,ROSSLYN,39.61666666666667,62
JUDICIARY SQUARE,SHAW-HOWARD U,10.383333333333333,1038
JUDICIARY SQUARE,SILVER SPRING,48.858333333333334,4
JUDICIARY SQUARE,SMITHSONIAN,21.133333333333333,1525
JUDICIARY SQUARE,STADIUM-ARMORY,16.0,126
JUDICIARY SQUARE,U STREET/AFRICAN-AMER CIVIL WAR MEMORIAL/CARDOZO,14.216666666666667,1049
JUDICIARY SQUARE,UNION STATION,7.383333333333334,2316
JUDICIARY SQUARE,VIRGINIA SQUARE-GMU,45.15,5
JUDICIARY SQUARE,WATERFRONT,11.283333333333333,818
JUDICIARY SQUARE,WOODLEY PARK-ZOO/ADAMS MORGAN,27.716666666666665,23
KING ST-OLD TOWN,BRADDOCK ROAD,6.4,83
KING ST-OLD TOWN,CAPITOL SOUTH,160.08333333333334,3
KING ST-OLD TOWN,CRYSTAL CITY,29.90833333333333,16
KING ST-OLD TOWN,EISENHOWER AVENUE,5.633333333333334,49
KING ST-OLD TOWN,FARRAGUT WEST,36.483333333333334,3
KING ST-OLD TOWN,FEDERAL TRIANGLE,156.61666666666667,5
KING ST-OLD TOWN,L'ENFANT PLAZA,80.44166666666666,4
KING ST-OLD TOWN,MCPHERSON SQUARE,59.31666666666666,6
KING ST-OLD TOWN,METRO CENTER,59.31666666666666,6
KING ST-OLD TOWN,PENTAGON CITY,57.96666666666667,6
KING ST-OLD TOWN,RONALD REAGAN WASHINGTON NATIONAL AIRPORT,47.11666666666667,5
KING ST-OLD TOWN,ROSSLYN,50.25,4
KING ST-OLD TOWN,SMITHSONIAN,88.35833333333333,6
L'ENFANT PLAZA,ANACOSTIA,29.616666666666667,7
L'ENFANT PLAZA,ARCHIVES-NAVY MEMORIAL-PENN QUARTER,12.783333333333333,1890
L'ENFANT PLAZA,BETHESDA,67.15,3
L'ENFANT PLAZA,BROOKLAND-CUA,28.433333333333334,17
L'ENFANT PLAZA,CAPITOL SOUTH,10.708333333333332,992
L'ENFANT PLAZA,CLARENDON,65.36666666666666,5
L'ENFANT PLAZA,CLEVELAND PARK,22.95,5
L'ENFANT PLAZA,COLUMBIA HEIGHTS,27.583333333333336,48
L'ENFANT PLAZA,COURT HOUSE,27.95,26
L'ENFANT PLAZA,CRYSTAL CITY,29.225,46
L'ENFANT PLAZA,DUPONT CIRCLE,29.933333333333334,401
L'ENFANT PLAZA,EASTERN MARKET,15.025,740
L'ENFANT PLAZA,FARRAGUT NORTH,26.5,702
L'ENFANT PLAZA,FARRAGUT WEST,23.916666666666664,872
L'ENFANT PLAZA,FEDERAL CENTER SW,7.95,1504
L'ENFANT PLAZA,FEDERAL TRIANGLE,16.958333333333332,2090
L'ENFANT PLAZA,FOGGY BOTTOM-GWU,27.375,650
L'ENFANT PLAZA,GALLERY PL-CHINATOWN,13.9,2132
L'ENFANT PLAZA,GEORGIA AVE-PETWORTH,30.075,40
L'ENFANT PLAZA,JUDICIARY SQUARE,11.966666666666667,1871
L'ENFANT PLAZA,KING ST-OLD TOWN,79.3,4
L'ENFANT PLAZA,MCPHERSON SQUARE,19.833333333333332,1569
L'ENFANT PLAZA,METRO CENTER,15.475,2240
L'ENFANT PLAZA,MT VERNON SQ 7TH ST-CONVENTION CENTER,15.825,652
L'ENFANT PLAZA,NAVY YARD-BALLPARK,10.416666666666666,1625
L'ENFANT PLAZA,NOMA-GALLAUDET,16.9,547
L'ENFANT PLAZA,PENTAGON,67.01666666666667,3
L'ENFANT PLAZA,PENTAGON CITY,30.183333333333334,27
L'ENFANT PLAZA,POTOMAC AVE,17.783333333333335,165
L'ENFANT PLAZA,RHODE ISLAND AVE-BRENTWOOD,21.108333333333334,38
L'ENFANT PLAZA,RONALD REAGAN WASHINGTON NATIONAL AIRPORT,30.766666666666666,5
L'ENFANT PLAZA,ROSSLYN,46.78333333333333,97
L'ENFANT PLAZA,SHAW-HOWARD U,18.34166666666667,280
L'ENFANT PLAZA,SMITHSONIAN,16.666666666666664,2302
L'ENFANT PLAZA,STADIUM-ARMORY,21.133333333333333,58
L'ENFANT PLAZA,TENLEYTOWN-AU,38.81666666666667,5
L'ENFANT PLAZA,U STREET/AFRICAN-AMER CIVIL WAR MEMORIAL/CARDOZO,22.616666666666667,285
L'ENFANT PLAZA,UNION STATION,12.508333333333333,1190
L'ENFANT PLAZA,WATERFRONT,6.116666666666666,1398
L'ENFANT PLAZA,WOODLEY PARK-ZOO/ADAMS MORGAN,35.63333333333333,28
MCPHERSON SQUARE,ARCHIVES-NAVY MEMORIAL-PENN QUARTER,10.55,2387
MCPHERSON SQUARE,BALLSTON-MU,38.141666666666666,4
MCPHERSON SQUARE,BENNING ROAD,30.9,5
MCPHERSON SQUARE,BETHESDA,50.516666666666666,5
MCPHERSON SQUARE,BRADDOCK ROAD,55.266666666666666,4
MCPHERSON SQUARE,BROOKLAND-CUA,31.15833333333333,8
MCPHERSON SQUARE,CAPITOL SOUTH,21.2,643
MCPHERSON SQUARE,CLARENDON,29.65,3
MCPHERSON SQUARE,CLEVELAND PARK,20.833333333333336,54
MCPHERSON SQUARE,COLUMBIA HEIGHTS,16.633333333333333,628
MCPHERSON SQUARE,COURT HOUSE,30.516666666666666,38
MCPHERSON SQUARE,CRYSTAL CITY,35.166666666666664,71
MCPHERSON SQUARE,DUPONT CIRCLE,8.45,3175
MCPHERSON SQUARE,EASTERN MARKET,24.05,453
MCPHERSON SQUARE,FARRAGUT NORTH,6.283333333333333,3258
MCPHERSON SQUARE,FARRAGUT WEST,6.983333333333333,3378
MCPHERSON SQUARE,FEDERAL CENTER SW,17.4,1028
MCPHERSON SQUARE,FEDERAL TRIANGLE,11.2,2191
MCPHERSON SQUARE,FOGGY BOTTOM-GWU,9.116666666666667,2773
MCPHERSON SQUARE,FORT TOTTEN,38.96666666666667,5
MCPHERSON SQUARE,FRIENDSHIP HEIGHTS,58.9,5
MCPHERSON SQUARE,GALLERY PL-CHINATOWN,8.016666666666667,4189
MCPHERSON SQUARE,GEORGIA AVE-PETWORTH,19.808333333333334,272
MCPHERSON SQUARE,JUDICIARY SQUARE,9.9,3088
MCPHERSON SQUARE,KING ST-OLD TOWN,39.38333333333333,5
MCPHERSON SQUARE,L'ENFANT PLAZA,17.333333333333336,1670
MCPHERSON SQUARE,METRO CENTER,6.55,4388
MCPHERSON SQUARE,MT VERNON SQ 7TH ST-CONVENTION CENTER,7.766666666666667,3093
MCPHERSON SQUARE,NAVY YARD-BALLPARK,21.016666666666666,738
MCPHERSON SQUARE,NOMA-GALLAUDET,14.75,1097
MCPHERSON SQUARE,PENTAGON,40.28333333333333,11
MCPHERSON SQUARE,PENTAGON CITY,30.775,46
MCPHERSON SQUARE,POTOMAC AVE,24.383333333333333,58
MCPHERSON SQUARE,RHODE ISLAND AVE-BRENTWOOD,24.216666666666665,63
MCPHERSON SQUARE,RONALD REAGAN WASHINGTON NATIONAL AIRPORT,33.55,6
MCPHERSON SQUARE,ROSSLYN,32.266666666666666,165
MCPHERSON SQUARE,SHAW-HOWARD U,9.9,1644
MCPHERSON SQUARE,SILVER SPRING,297.17499999999995,20
MCPHERSON SQUARE,SMITHSONIAN,17.65,1678
MCPHERSON SQUARE,STADIUM-ARMORY,22.625,76
MCPHERSON SQUARE,TAKOMA,48.56666666666667,13
MCPHERSON SQUARE,TENLEYTOWN-AU,24.95,5
MCPHERSON SQUARE,U STREET/AFRICAN-AMER CIVIL WAR MEMORIAL/CARDOZO,11.016666666666667,2514
MCPHERSON SQUARE,UNION STATION,13.3,1436
MCPHERSON SQUARE,VAN NESS-UDC,23.866666666666667,25
MCPHERSON SQUARE,WATERFRONT,17.183333333333334,609
MCPHERSON SQUARE,WOODLEY PARK-ZOO/ADAMS MORGAN,21.28333333333333,90
MEDICAL CENTER,BETHESDA,10.75,21
METRO CENTER,ANACOSTIA,21.533333333333335,3
METRO CENTER,ARCHIVES-NAVY MEMORIAL-PENN QUARTER,8.333333333333334,2734
METRO CENTER,BALLSTON-MU,38.141666666666666,4
METRO CENTER,BENNING ROAD,30.966666666666665,3
METRO CENTER,BRADDOCK ROAD,55.266666666666666,4
METRO CENTER,BROOKLAND-CUA,26.608333333333334,14
METRO CENTER,CAPITOL SOUTH,18.85,775
METRO CENTER,CLARENDON,31.45,5
METRO CENTER,CLEVELAND PARK,27.283333333333335,35
METRO CENTER,COLUMBIA HEIGHTS,17.625,460
METRO CENTER,COURT HOUSE,33.25,47
METRO CENTER,CRYSTAL CITY,33.05,82
METRO CENTER,DUPONT CIRCLE,12.133333333333333,2254
METRO CENTER,EAST FALLS CHURCH,100.94166666666666,4
METRO CENTER,EASTERN MARKET,20.133333333333333,629
METRO CENTER,FARRAGUT NORTH,8.966666666666667,2630
METRO CENTER,FARRAGUT WEST,9.466666666666667,2761
METRO CENTER,FEDERAL CENTER SW,13.566666666666666,1547
METRO CENTER,FEDERAL TRIANGLE,9.166666666666668,2486
METRO CENTER,FOGGY BOTTOM-GWU,12.366666666666667,2165
METRO CENTER,FORT TOTTEN,37.88333333333333,6
METRO CENTER,FRIENDSHIP HEIGHTS,58.9,5
METRO CENTER,GALLERY PL-CHINATOWN,6.316666666666666,4657
METRO CENTER,GEORGIA AVE-PETWORTH,19.666666666666668,257
METRO CENTER,JUDICIARY SQUARE,8.166666666666666,3597
METRO CENTER,KING ST-OLD TOWN,39.38333333333333,5
METRO CENTER,L'ENFANT PLAZA,14.183333333333334,2197
METRO CENTER,MCPHERSON SQUARE,6.516666666666667,4211
METRO CENTER,MT VERNON SQ 7TH ST-CONVENTION CENTER,6.816666666666666,3296
METRO CENTER,NAVY YARD-BALLPARK,18.466666666666665,952
METRO CENTER,NOMA-GALLAUDET,13.133333333333333,1472
METRO CENTER,PENTAGON CITY,34.95833333333333,48
METRO CENTER,POTOMAC AVE,20.44166666666667,92
METRO CENTER,RHODE ISLAND AVE-BRENTWOOD,22.183333333333334,86
METRO CENTER,RONALD REAGAN WASHINGTON NATIONAL AIRPORT,30.958333333333336,6
METRO CENTER,ROSSLYN,32.81666666666667,147
METRO CENTER,SHAW-HOWARD U,9.566666666666666,1758
METRO CENTER,SILVER SPRING,45.608333333333334,4
METRO CENTER,SMITHSONIAN,17.833333333333332,1750
METRO CENTER,STADIUM-ARMORY,20.808333333333334,102
METRO CENTER,TAKOMA,50.61666666666667,7
METRO CENTER,U STREET/AFRICAN-AMER CIVIL WAR MEMORIAL/CARDOZO,10.85,2101
METRO CENTER,UNION STATION,10.883333333333333,2057
METRO CENTER,VAN NESS-UDC,41.15,11
METRO CENTER,WATERFRONT,13.716666666666667,819
METRO CENTER,WOODLEY PARK-ZOO/ADAMS MORGAN,22.275,74
MINNESOTA AVE,BENNING ROAD,6.716666666666667,3
MINNESOTA AVE,DEANWOOD,9.6,4
MINNESOTA AVE,NAVY YARD-BALLPARK,31.166666666666664,6
MINNESOTA AVE,STADIUM-ARMORY,45.90833333333333,4
MT VERNON SQ 7TH ST-CONVENTION CENTER,ARCHIVES-NAVY MEMORIAL-PENN QUARTER,6.7,1907
MT VERNON SQ 7TH ST-CONVENTION CENTER,BALLSTON-MU,24.6,3
MT VERNON SQ 7TH ST-CONVENTION CENTER,BENNING ROAD,31.416666666666664,4
MT VERNON SQ 7TH ST-CONVENTION CENTER,BROOKLAND-CUA,25.833333333333336,24
MT VERNON SQ 7TH ST-CONVENTION CENTER,CAPITOL HEIGHTS,30.083333333333332,3
MT VERNON SQ 7TH ST-CONVENTION CENTER,CAPITOL SOUTH,18.108333333333334,288
MT VERNON SQ 7TH ST-CONVENTION CENTER,CLARENDON,29.608333333333334,4
MT VERNON SQ 7TH ST-CONVENTION CENTER,CLEVELAND PARK,23.141666666666666,16
MT VERNON SQ 7TH ST-CONVENTION CENTER,COLUMBIA HEIGHTS,15.8,298
MT VERNON SQ 7TH ST-CONVENTION CENTER,COURT HOUSE,27.675,20
MT VERNON SQ 7TH ST-CONVENTION CENTER,CRYSTAL CITY,34.84166666666667,12
MT VERNON SQ 7TH ST-CONVENTION CENTER,DUPONT CIRCLE,11.1,2093
MT VERNON SQ 7TH ST-CONVENTION CENTER,EASTERN MARKET,18.883333333333333,299
MT VERNON SQ 7TH ST-CONVENTION CENTER,FARRAGUT NORTH,9.983333333333333,2404
MT VERNON SQ 7TH ST-CONVENTION CENTER,FARRAGUT WEST,10.216666666666667,2683
MT VERNON SQ 7TH ST-CONVENTION CENTER,FEDERAL CENTER SW,13.916666666666668,534
MT VERNON SQ 7TH ST-CONVENTION CENTER,FEDERAL TRIANGLE,7.783333333333333,1540
MT VERNON SQ 7TH ST-CONVENTION CENTER,FOGGY BOTTOM-GWU,12.925,1642
MT VERNON SQ 7TH ST-CONVENTION CENTER,GALLERY PL-CHINATOWN,5.55,3724
MT VERNON SQ 7TH ST-CONVENTION CENTER,GEORGIA AVE-PETWORTH,16.81666666666667,202
MT VERNON SQ 7TH ST-CONVENTION CENTER,JUDICIARY SQUARE,6.233333333333333,2264
MT VERNON SQ 7TH ST-CONVENTION CENTER,L'ENFANT PLAZA,15.091666666666667,730
MT VERNON SQ 7TH ST-CONVENTION CENTER,MCPHERSON SQUARE,7.066666666666666,3232
MT VERNON SQ 7TH ST-CONVENTION CENTER,METRO CENTER,6.183333333333334,3710
MT VERNON SQ 7TH ST-CONVENTION CENTER,NAVY YARD-BALLPARK,20.133333333333333,366
MT VERNON SQ 7TH ST-CONVENTION CENTER,NOMA-GALLAUDET,10.066666666666666,1681
MT VERNON SQ 7TH ST-CONVENTION CENTER,PENTAGON CITY,33.3,6
MT VERNON SQ 7TH ST-CONVENTION CENTER,POTOMAC AVE,19.791666666666664,46
MT VERNON SQ 7TH ST-CONVENTION CENTER,RHODE ISLAND AVE-BRENTWOOD,17.316666666666666,53
MT VERNON SQ 7TH ST-CONVENTION CENTER,RONALD REAGAN WASHINGTON NATIONAL AIRPORT,32.71666666666667,3
MT VERNON SQ 7TH ST-CONVENTION CENTER,ROSSLYN,29.583333333333332,51
MT VERNON SQ 7TH ST-CONVENTION CENTER,SHAW-HOWARD U,6.566666666666666,1851
MT VERNON SQ 7TH ST-CONVENTION CENTER,SILVER SPRING,52.275,4
MT VERNON SQ 7TH ST-CONVENTION CENTER,SMITHSONIAN,15.8,700
MT VERNON SQ 7TH ST-CONVENTION CENTER,STADIUM-ARMORY,21.133333333333333,29
MT VERNON SQ 7TH ST-CONVENTION CENTER,U STREET/AFRICAN-AMER CIVIL WAR MEMORIAL/CARDOZO,8.466666666666667,1909
MT VERNON SQ 7TH ST-CONVENTION CENTER,UNION STATION,8.633333333333333,1602
MT VERNON SQ 7TH ST-CONVENTION CENTER,VAN NESS-UDC,29.9,4
MT VERNON SQ 7TH ST-CONVENTION CENTER,VIRGINIA SQUARE-GMU,40.36666666666667,4
MT VERNON SQ 7TH ST-CONVENTION CENTER,WATERFRONT,15.391666666666666,196
MT VERNON SQ 7TH ST-CONVENTION CENTER,WOODLEY PARK-ZOO/ADAMS MORGAN,20.833333333333332,35
NAVY YARD-BALLPARK,ANACOSTIA,14.175,24
NAVY YARD-BALLPARK,ARCHIVES-NAVY MEMORIAL-PENN QUARTER,15.25,681
NAVY YARD-BALLPARK,BALLSTON-MU,33.85,3
NAVY YARD-BALLPARK,BROOKLAND-CUA,21.808333333333334,28
NAVY YARD-BALLPARK,CAPITOL SOUTH,4.75,1173
NAVY YARD-BALLPARK,CLEVELAND PARK,40.50833333333333,4
NAVY YARD-BALLPARK,COLUMBIA HEIGHTS,35.475,40
NAVY YARD-BALLPARK,COURT HOUSE,38.05,7
NAVY YARD-BALLPARK,CRYSTAL CITY,27.108333333333334,32
NAVY YARD-BALLPARK,DUPONT CIRCLE,29.466666666666665,167
NAVY YARD-BALLPARK,EASTERN MARKET,7.366666666666666,1603
NAVY YARD-BALLPARK,FARRAGUT NORTH,24.266666666666666,231
NAVY YARD-BALLPARK,FARRAGUT WEST,23.983333333333334,273
NAVY YARD-BALLPARK,FEDERAL CENTER SW,9.2,770
NAVY YARD-BALLPARK,FEDERAL TRIANGLE,17.416666666666664,528
NAVY YARD-BALLPARK,FOGGY BOTTOM-GWU,27.583333333333332,146
NAVY YARD-BALLPARK,GALLERY PL-CHINATOWN,16.083333333333336,798
NAVY YARD-BALLPARK,GEORGIA AVE-PETWORTH,38.833333333333336,15
NAVY YARD-BALLPARK,JUDICIARY SQUARE,14.75,679
NAVY YARD-BALLPARK,L'ENFANT PLAZA,9.983333333333333,1337
NAVY YARD-BALLPARK,MCPHERSON SQUARE,20.133333333333333,501
NAVY YARD-BALLPARK,METRO CENTER,17.816666666666666,739
NAVY YARD-BALLPARK,MINNESOTA AVE,33.775,4
NAVY YARD-BALLPARK,MT VERNON SQ 7TH ST-CONVENTION CENTER,20.116666666666667,234
NAVY YARD-BALLPARK,NOMA-GALLAUDET,16.233333333333334,703
NAVY YARD-BALLPARK,PENTAGON,45.333333333333336,3
NAVY YARD-BALLPARK,PENTAGON CITY,42.416666666666664,13
NAVY YARD-BALLPARK,POTOMAC AVE,9.916666666666666,451
NAVY YARD-BALLPARK,RHODE ISLAND AVE-BRENTWOOD,21.5,25
NAVY YARD-BALLPARK,RONALD REAGAN WASHINGTON NATIONAL AIRPORT,23.9,11
NAVY YARD-BALLPARK,ROSSLYN,43.483333333333334,21
NAVY YARD-BALLPARK,SHAW-HOWARD U,23.183333333333334,117
NAVY YARD-BALLPARK,SMITHSONIAN,17.5,451
NAVY YARD-BALLPARK,STADIUM-ARMORY,14.041666666666666,140
NAVY YARD-BALLPARK,U STREET/AFRICAN-AMER CIVIL WAR MEMORIAL/CARDOZO,26.666666666666668,111
NAVY YARD-BALLPARK,UNION STATION,12.4,1109
NAVY YARD-BALLPARK,WATERFRONT,8.5,939
NAVY YARD-BALLPARK,WOODLEY PARK-ZOO/ADAMS MORGAN,43.03333333333333,5
NOMA-GALLAUDET,ARCHIVES-NAVY MEMORIAL-PENN QUARTER,12.4,1011
NOMA-GALLAUDET,BALLSTON-MU,42.13333333333333,3
NOMA-GALLAUDET,BROOKLAND-CUA,16.6,119
NOMA-GALLAUDET,CAPITOL SOUTH,13.008333333333333,714
NOMA-GALLAUDET,CLEVELAND PARK,50.4,6
NOMA-GALLAUDET,COLUMBIA HEIGHTS,24.066666666666666,151
NOMA-GALLAUDET,COURT HOUSE,34.166666666666664,9
NOMA-GALLAUDET,CRYSTAL CITY,46.55833333333333,4
NOMA-GALLAUDET,DUPONT CIRCLE,18.925,408
NOMA-GALLAUDET,EASTERN MARKET,13.15,663
NOMA-GALLAUDET,FARRAGUT NORTH,17.116666666666667,525
NOMA-GALLAUDET,FARRAGUT WEST,17.55,539
NOMA-GALLAUDET,FEDERAL CENTER SW,14.133333333333333,475
NOMA-GALLAUDET,FEDERAL TRIANGLE,16.333333333333332,529
NOMA-GALLAUDET,FOGGY BOTTOM-GWU,20.858333333333334,322
NOMA-GALLAUDET,FORT TOTTEN,27.116666666666667,9
NOMA-GALLAUDET,GALLERY PL-CHINATOWN,10.9,2060
NOMA-GALLAUDET,GEORGIA AVE-PETWORTH,21.59166666666667,82
NOMA-GALLAUDET,JUDICIARY SQUARE,8.85,2290
NOMA-GALLAUDET,L'ENFANT PLAZA,15.9,599
NOMA-GALLAUDET,MCPHERSON SQUARE,15.4,907
NOMA-GALLAUDET,METRO CENTER,13.55,1402
NOMA-GALLAUDET,MT VERNON SQ 7TH ST-CONVENTION CENTER,10.433333333333334,1635
NOMA-GALLAUDET,NAVY YARD-BALLPARK,16.233333333333334,789
NOMA-GALLAUDET,POTOMAC AVE,16.666666666666668,157
NOMA-GALLAUDET,RHODE ISLAND AVE-BRENTWOOD,9.783333333333333,592
NOMA-GALLAUDET,RONALD REAGAN WASHINGTON NATIONAL AIRPORT,28.766666666666666,3
NOMA-GALLAUDET,ROSSLYN,44.36666666666667,18
NOMA-GALLAUDET,SHAW-HOWARD U,12.466666666666667,926
NOMA-GALLAUDET,SMITHSONIAN,20.35,375
NOMA-GALLAUDET,STADIUM-ARMORY,14.75,113
NOMA-GALLAUDET,TAKOMA,38.18333333333333,3
NOMA-GALLAUDET,U STREET/AFRICAN-AMER CIVIL WAR MEMORIAL/CARDOZO,15.05,822
NOMA-GALLAUDET,UNION STATION,6.516666666666667,2445
NOMA-GALLAUDET,WATERFRONT,19.166666666666664,168
NOMA-GALLAUDET,WOODLEY PARK-ZOO/ADAMS MORGAN,36.333333333333336,10
PENTAGON,ARCHIVES-NAVY MEMORIAL-PENN QUARTER,39.28333333333333,4
PENTAGON,BRADDOCK ROAD,26.866666666666667,8
PENTAGON,CRYSTAL CITY,4.666666666666667,53
PENTAGON,DUPONT CIRCLE,88.275,4
PENTAGON,FARRAGUT NORTH,88.03333333333333,5
PENTAGON,FARRAGUT WEST,88.03333333333333,5
PENTAGON,FEDERAL TRIANGLE,46.5,5
PENTAGON,FOGGY BOTTOM-GWU,31.65,9
PENTAGON,GALLERY PL-CHINATOWN,23.924999999999997,6
PENTAGON,MCPHERSON SQUARE,20.75,3
PENTAGON,METRO CENTER,35.166666666666664,7
PENTAGON,PENTAGON CITY,4.85,52
PENTAGON,SMITHSONIAN,36.025,6
PENTAGON CITY,ARCHIVES-NAVY MEMORIAL-PENN QUARTER,31.8,21
PENTAGON CITY,BALLSTON-MU,34.516666666666666,11
PENTAGON CITY,BRADDOCK ROAD,26.766666666666666,15
PENTAGON CITY,CAPITOL SOUTH,23.85,5
PENTAGON CITY,CLARENDON,23.041666666666664,14
PENTAGON CITY,COURT HOUSE,20.916666666666664,6
PENTAGON CITY,CRYSTAL CITY,6.883333333333334,700
PENTAGON CITY,DUPONT CIRCLE,37.38333333333333,20
PENTAGON CITY,FARRAGUT NORTH,26.0,32
PENTAGON CITY,FARRAGUT WEST,26.53333333333333,38
PENTAGON CITY,FEDERAL CENTER SW,29.366666666666667,5
PENTAGON CITY,FEDERAL TRIANGLE,36.791666666666664,38
PENTAGON CITY,FOGGY BOTTOM-GWU,26.966666666666665,53
PENTAGON CITY,GALLERY PL-CHINATOWN,32.925,34
PENTAGON CITY,JUDICIARY SQUARE,30.533333333333335,11
PENTAGON CITY,KING ST-OLD TOWN,32.43333333333334,4
PENTAGON CITY,L'ENFANT PLAZA,37.7,28
PENTAGON CITY,MCPHERSON SQUARE,30.166666666666664,42
PENTAGON CITY,METRO CENTER,34.61666666666667,44
PENTAGON CITY,MT VERNON SQ 7TH ST-CONVENTION CENTER,35.38333333333333,14
PENTAGON CITY,NAVY YARD-BALLPARK,34.74166666666667,16
PENTAGON CITY,PENTAGON,4.0,49
PENTAGON CITY,RONALD REAGAN WASHINGTON NATIONAL AIRPORT,9.583333333333334,3
PENTAGON CITY,ROSSLYN,29.6,14
PENTAGON CITY,SMITHSONIAN,40.608333333333334,24
PENTAGON CITY,U STREET/AFRICAN-AMER CIVIL WAR MEMORIAL/CARDOZO,37.35,4
PENTAGON CITY,UNION STATION,67.25,5
PENTAGON CITY,VIRGINIA SQUARE-GMU,34.516666666666666,3
PENTAGON CITY,WATERFRONT,26.933333333333334,11
POTOMAC AVE,ARCHIVES-NAVY MEMORIAL-PENN QUARTER,18.283333333333335,139
POTOMAC AVE,CAPITOL SOUTH,7.383333333333333,302
POTOMAC AVE,COLUMBIA HEIGHTS,44.3,4
POTOMAC AVE,CRYSTAL CITY,30.366666666666667,3
POTOMAC AVE,DUPONT CIRCLE,32.96666666666667,19
POTOMAC AVE,EASTERN MARKET,5.616666666666666,750
POTOMAC AVE,FARRAGUT NORTH,27.758333333333333,24
POTOMAC AVE,FARRAGUT WEST,27.19166666666667,34
POTOMAC AVE,FEDERAL CENTER SW,13.666666666666668,98
POTOMAC AVE,FEDERAL TRIANGLE,20.45,94
POTOMAC AVE,FOGGY BOTTOM-GWU,29.266666666666666,30
POTOMAC AVE,GALLERY PL-CHINATOWN,19.0,146
POTOMAC AVE,JUDICIARY SQUARE,15.65,164
POTOMAC AVE,L'ENFANT PLAZA,16.141666666666666,160
POTOMAC AVE,MCPHERSON SQUARE,24.166666666666668,61
POTOMAC AVE,METRO CENTER,20.433333333333334,121
POTOMAC AVE,MT VERNON SQ 7TH ST-CONVENTION CENTER,21.966666666666665,41
POTOMAC AVE,NAVY YARD-BALLPARK,9.225,506
POTOMAC AVE,NOMA-GALLAUDET,15.766666666666667,142
POTOMAC AVE,RHODE ISLAND AVE-BRENTWOOD,30.416666666666668,5
POTOMAC AVE,RONALD REAGAN WASHINGTON NATIONAL AIRPORT,34.11666666666667,3
POTOMAC AVE,SHAW-HOWARD U,29.583333333333332,15
POTOMAC AVE,SMITHSONIAN,19.583333333333336,66
POTOMAC AVE,STADIUM-ARMORY,4.65,279
POTOMAC AVE,U STREET/AFRICAN-AMER CIVIL WAR MEMORIAL/CARDOZO,29.583333333333332,17
POTOMAC AVE,UNION STATION,13.316666666666666,230
POTOMAC AVE,WATERFRONT,15.633333333333333,81
PRINCE GEORGE'S PLAZA,WEST HYATTSVILLE,14.600000000000001,14
RHODE ISLAND AVE-BRENTWOOD,ARCHIVES-NAVY MEMORIAL-PENN QUARTER,20.966666666666665,69
RHODE ISLAND AVE-BRENTWOOD,BROOKLAND-CUA,7.958333333333334,80
RHODE ISLAND AVE-BRENTWOOD,CAPITOL SOUTH,16.825,28
RHODE ISLAND AVE-BRENTWOOD,COLUMBIA HEIGHTS,18.95,29
RHODE ISLAND AVE-BRENTWOOD,DUPONT CIRCLE,22.2,37
RHODE ISLAND AVE-BRENTWOOD,EASTERN MARKET,22.916666666666668,31
RHODE ISLAND AVE-BRENTWOOD,FARRAGUT NORTH,25.116666666666667,27
RHODE ISLAND AVE-BRENTWOOD,FARRAGUT WEST,24.46666666666667,26
RHODE ISLAND AVE-BRENTWOOD,FEDERAL CENTER SW,17.8,47
RHODE ISLAND AVE-BRENTWOOD,FEDERAL TRIANGLE,23.233333333333334,47
RHODE ISLAND AVE-BRENTWOOD,FOGGY BOTTOM-GWU,29.299999999999997,24
RHODE ISLAND AVE-BRENTWOOD,FORT TOTTEN,16.916666666666668,4
RHODE ISLAND AVE-BRENTWOOD,GALLERY PL-CHINATOWN,20.083333333333332,101
RHODE ISLAND AVE-BRENTWOOD,GEORGIA AVE-PETWORTH,19.65,23
RHODE ISLAND AVE-BRENTWOOD,JUDICIARY SQUARE,15.866666666666667,83
RHODE ISLAND AVE-BRENTWOOD,L'ENFANT PLAZA,19.083333333333332,61
RHODE ISLAND AVE-BRENTWOOD,MCPHERSON SQUARE,22.716666666666665,66
RHODE ISLAND AVE-BRENTWOOD,METRO CENTER,20.966666666666665,79
RHODE ISLAND AVE-BRENTWOOD,MT VERNON SQ 7TH ST-CONVENTION CENTER,16.85,56
RHODE ISLAND AVE-BRENTWOOD,NAVY YARD-BALLPARK,19.233333333333334,33
RHODE ISLAND AVE-BRENTWOOD,NOMA-GALLAUDET,8.25,683
RHODE ISLAND AVE-BRENTWOOD,POTOMAC AVE,20.733333333333334,10
RHODE ISLAND AVE-BRENTWOOD,SHAW-HOWARD U,14.833333333333332,78
RHODE ISLAND AVE-BRENTWOOD,SMITHSONIAN,24.78333333333333,26
RHODE ISLAND AVE-BRENTWOOD,STADIUM-ARMORY,19.633333333333333,15
RHODE ISLAND AVE-BRENTWOOD,U STREET/AFRICAN-AMER CIVIL WAR MEMORIAL/CARDOZO,17.391666666666666,78
RHODE ISLAND AVE-BRENTWOOD,UNION STATION,10.991666666666667,156
RHODE ISLAND AVE-BRENTWOOD,WATERFRONT,23.316666666666666,12
RHODE ISLAND AVE-BRENTWOOD,WEST HYATTSVILLE,23.0,8
RONALD REAGAN WASHINGTON NATIONAL AIRPORT,ARCHIVES-NAVY MEMORIAL-PENN QUARTER,23.299999999999997,4
RONALD REAGAN WASHINGTON NATIONAL AIRPORT,BALLSTON-MU,31.783333333333335,5
RONALD REAGAN WASHINGTON NATIONAL AIRPORT,CAPITOL SOUTH,25.049999999999997,4
RONALD REAGAN WASHINGTON NATIONAL AIRPORT,CRYSTAL CITY,8.316666666666666,23
RONALD REAGAN WASHINGTON NATIONAL AIRPORT,DUPONT CIRCLE,43.349999999999994,6
RONALD REAGAN WASHINGTON NATIONAL AIRPORT,FARRAGUT NORTH,47.43333333333333,3
RONALD REAGAN WASHINGTON NATIONAL AIRPORT,FARRAGUT WEST,47.43333333333333,3
RONALD REAGAN WASHINGTON NATIONAL AIRPORT,FEDERAL TRIANGLE,33.53333333333333,7
RONALD REAGAN WASHINGTON NATIONAL AIRPORT,FOGGY BOTTOM-GWU,29.458333333333336,4
RONALD REAGAN WASHINGTON NATIONAL AIRPORT,GALLERY PL-CHINATOWN,27.65,5
RONALD REAGAN WASHINGTON NATIONAL AIRPORT,JUDICIARY SQUARE,23.716666666666665,5
RONALD REAGAN WASHINGTON NATIONAL AIRPORT,KING ST-OLD TOWN,26.066666666666666,4
RONALD REAGAN WASHINGTON NATIONAL AIRPORT,L'ENFANT PLAZA,21.208333333333336,10
RONALD REAGAN WASHINGTON NATIONAL AIRPORT,MCPHERSON SQUARE,31.666666666666668,7
RONALD REAGAN WASHINGTON NATIONAL AIRPORT,METRO CENTER,27.65,7
RONALD REAGAN WASHINGTON NATIONAL AIRPORT,NAVY YARD-BALLPARK,25.833333333333332,5
RONALD REAGAN WASHINGTON NATIONAL AIRPORT,PENTAGON CITY,12.316666666666666,15
RONALD REAGAN WASHINGTON NATIONAL AIRPORT,ROSSLYN,22.016666666666666,5
RONALD REAGAN WASHINGTON NATIONAL AIRPORT,SMITHSONIAN,25.666666666666664,8
RONALD REAGAN WASHINGTON NATIONAL AIRPORT,STADIUM-ARMORY,28.083333333333336,4
RONALD REAGAN WASHINGTON NATIONAL AIRPORT,UNION STATION,38.983333333333334,3
RONALD REAGAN WASHINGTON NATIONAL AIRPORT,VIRGINIA SQUARE-GMU,31.958333333333336,4
RONALD REAGAN WASHINGTON NATIONAL AIRPORT,WATERFRONT,21.683333333333334,3
ROSSLYN,ARCHIVES-NAVY MEMORIAL-PENN QUARTER,36.2,61
ROSSLYN,BALLSTON-MU,15.933333333333334,107
ROSSLYN,CAPITOL SOUTH,42.96666666666667,18
ROSSLYN,CLARENDON,10.041666666666668,202
ROSSLYN,CLEVELAND PARK,27.25,3
ROSSLYN,COLUMBIA HEIGHTS,29.666666666666668,29
ROSSLYN,COURT HOUSE,6.55,507
ROSSLYN,CRYSTAL CITY,33.416666666666664,41
ROSSLYN,DUPONT CIRCLE,16.583333333333332,235
ROSSLYN,EASTERN MARKET,45.88333333333333,11
ROSSLYN,FARRAGUT NORTH,16.425,156
ROSSLYN,FARRAGUT WEST,17.758333333333333,162
ROSSLYN,FEDERAL CENTER SW,31.3,35
ROSSLYN,FEDERAL TRIANGLE,32.31666666666667,67
ROSSLYN,FOGGY BOTTOM-GWU,14.041666666666668,268
ROSSLYN,GALLERY PL-CHINATOWN,27.816666666666666,77
ROSSLYN,GEORGIA AVE-PETWORTH,24.6,27
ROSSLYN,JUDICIARY SQUARE,33.833333333333336,61
ROSSLYN,KING ST-OLD TOWN,50.3,5
ROSSLYN,L'ENFANT PLAZA,30.95,69
ROSSLYN,MCPHERSON SQUARE,23.258333333333333,126
ROSSLYN,METRO CENTER,27.041666666666664,148
ROSSLYN,MT VERNON SQ 7TH ST-CONVENTION CENTER,27.166666666666668,67
ROSSLYN,NAVY YARD-BALLPARK,36.733333333333334,21
ROSSLYN,NOMA-GALLAUDET,44.108333333333334,8
ROSSLYN,PENTAGON,44.75,11
ROSSLYN,PENTAGON CITY,31.008333333333333,30
ROSSLYN,RONALD REAGAN WASHINGTON NATIONAL AIRPORT,29.883333333333333,4
ROSSLYN,SHAW-HOWARD U,27.583333333333332,37
ROSSLYN,SMITHSONIAN,32.31666666666667,81
ROSSLYN,U STREET/AFRICAN-AMER CIVIL WAR MEMORIAL/CARDOZO,24.8,79
ROSSLYN,UNION STATION,36.666666666666664,19
ROSSLYN,VIRGINIA SQUARE-GMU,14.683333333333334,87
ROSSLYN,WATERFRONT,28.9,8
ROSSLYN,WOODLEY PARK-ZOO/ADAMS MORGAN,28.15,8
Reston Town Center,WIEHLE-RESTON EAST,7.783333333333333,63
SHAW-HOWARD U,ARCHIVES-NAVY MEMORIAL-PENN QUARTER,10.016666666666667,984
SHAW-HOWARD U,BROOKLAND-CUA,21.1,22
SHAW-HOWARD U,CAPITOL HEIGHTS,30.3,3
SHAW-HOWARD U,CAPITOL SOUTH,19.35,135
SHAW-HOWARD U,CLARENDON,35.266666666666666,7
SHAW-HOWARD U,CLEVELAND PARK,19.633333333333333,37
SHAW-HOWARD U,COLUMBIA HEIGHTS,10.708333333333332,440
SHAW-HOWARD U,COURT HOUSE,28.166666666666668,11
SHAW-HOWARD U,DUPONT CIRCLE,10.133333333333333,2041
SHAW-HOWARD U,EASTERN MARKET,22.283333333333335,113
SHAW-HOWARD U,FARRAGUT NORTH,10.933333333333334,1646
SHAW-HOWARD U,FARRAGUT WEST,11.35,1564
SHAW-HOWARD U,FEDERAL CENTER SW,17.40833333333333,232
SHAW-HOWARD U,FEDERAL TRIANGLE,10.733333333333333,763
SHAW-HOWARD U,FOGGY BOTTOM-GWU,13.866666666666667,963
SHAW-HOWARD U,GALLERY PL-CHINATOWN,8.183333333333334,2367
SHAW-HOWARD U,GEORGIA AVE-PETWORTH,12.0,253
SHAW-HOWARD U,JUDICIARY SQUARE,9.55,1280
SHAW-HOWARD U,L'ENFANT PLAZA,17.466666666666665,305
SHAW-HOWARD U,MCPHERSON SQUARE,9.083333333333334,2003
SHAW-HOWARD U,METRO CENTER,8.483333333333333,2272
SHAW-HOWARD U,MT VERNON SQ 7TH ST-CONVENTION CENTER,6.083333333333333,1958
SHAW-HOWARD U,NAVY YARD-BALLPARK,22.75,197
SHAW-HOWARD U,NOMA-GALLAUDET,11.8,841
SHAW-HOWARD U,POTOMAC AVE,25.775,16
SHAW-HOWARD U,RHODE ISLAND AVE-BRENTWOOD,17.666666666666668,75
SHAW-HOWARD U,ROSSLYN,24.21666666666667,62
SHAW-HOWARD U,SILVER SPRING,29.533333333333335,11
SHAW-HOWARD U,SMITHSONIAN,16.28333333333333,312
SHAW-HOWARD U,STADIUM-ARMORY,18.625,34
SHAW-HOWARD U,TAKOMA,35.78333333333333,5
SHAW-HOWARD U,U STREET/AFRICAN-AMER CIVIL WAR MEMORIAL/CARDOZO,5.366666666666666,1838
SHAW-HOWARD U,UNION STATION,12.041666666666668,690
SHAW-HOWARD U,VAN NESS-UDC,26.133333333333333,6
SHAW-HOWARD U,WATERFRONT,19.95,85
SHAW-HOWARD U,WOODLEY PARK-ZOO/ADAMS MORGAN,16.6,79
SILVER SPRING,BETHESDA,26.783333333333335,3
SILVER SPRING,COLUMBIA HEIGHTS,28.375,12
SILVER SPRING,DUPONT CIRCLE,35.166666666666664,4
SILVER SPRING,FARRAGUT NORTH,35.416666666666664,3
SILVER SPRING,FOGGY BOTTOM-GWU,92.85,5
SILVER SPRING,FRIENDSHIP HEIGHTS,19.34166666666667,10
SILVER SPRING,GEORGIA AVE-PETWORTH,41.03333333333333,3
SILVER SPRING,MCPHERSON SQUARE,43.266666666666666,5
SILVER SPRING,METRO CENTER,48.8,4
SILVER SPRING,MT VERNON SQ 7TH ST-CONVENTION CENTER,36.13333333333334,6
SILVER SPRING,SHAW-HOWARD U,36.13333333333334,6
SILVER SPRING,TAKOMA,12.633333333333333,23
SILVER SPRING,U STREET/AFRICAN-AMER CIVIL WAR MEMORIAL/CARDOZO,33.96666666666667,4
SILVER SPRING,WOODLEY PARK-ZOO/ADAMS MORGAN,52.25,3
SMITHSONIAN,ANACOSTIA,23.058333333333334,6
SMITHSONIAN,ARCHIVES-NAVY MEMORIAL-PENN QUARTER,19.083333333333332,1777
SMITHSONIAN,BETHESDA,136.36666666666667,4
SMITHSONIAN,BROOKLAND-CUA,32.96666666666667,12
SMITHSONIAN,CAPITOL SOUTH,19.708333333333336,676
SMITHSONIAN,CLARENDON,48.40833333333333,6
SMITHSONIAN,CLEVELAND PARK,74.86666666666666,5
SMITHSONIAN,COLUMBIA HEIGHTS,26.308333333333334,46
SMITHSONIAN,COURT HOUSE,33.541666666666664,46
SMITHSONIAN,CRYSTAL CITY,40.8,38
SMITHSONIAN,DUPONT CIRCLE,24.366666666666667,473
SMITHSONIAN,EAST FALLS CHURCH,100.94166666666666,4
SMITHSONIAN,EASTERN MARKET,23.9,318
SMITHSONIAN,FARRAGUT NORTH,22.666666666666668,801
SMITHSONIAN,FARRAGUT WEST,22.933333333333334,899
SMITHSONIAN,FEDERAL CENTER SW,16.983333333333334,1409
SMITHSONIAN,FEDERAL TRIANGLE,23.083333333333332,1724
SMITHSONIAN,FOGGY BOTTOM-GWU,24.558333333333334,698
SMITHSONIAN,GALLERY PL-CHINATOWN,17.266666666666666,1699
SMITHSONIAN,GEORGIA AVE-PETWORTH,31.116666666666667,29
SMITHSONIAN,JUDICIARY SQUARE,18.966666666666665,1705
SMITHSONIAN,KING ST-OLD TOWN,66.05,3
SMITHSONIAN,L'ENFANT PLAZA,15.133333333333333,2356
SMITHSONIAN,MCPHERSON SQUARE,19.633333333333333,1743
SMITHSONIAN,METRO CENTER,17.266666666666666,2126
SMITHSONIAN,MT VERNON SQ 7TH ST-CONVENTION CENTER,16.216666666666665,593
SMITHSONIAN,NAVY YARD-BALLPARK,16.65,457
SMITHSONIAN,NOMA-GALLAUDET,20.8,249
SMITHSONIAN,PENTAGON,38.46666666666667,9
SMITHSONIAN,PENTAGON CITY,37.325,40
SMITHSONIAN,POTOMAC AVE,21.083333333333332,55
SMITHSONIAN,RHODE ISLAND AVE-BRENTWOOD,24.258333333333333,22
SMITHSONIAN,RONALD REAGAN WASHINGTON NATIONAL AIRPORT,28.8,3
SMITHSONIAN,ROSSLYN,40.00833333333333,112
SMITHSONIAN,SHAW-HOWARD U,18.291666666666664,220
SMITHSONIAN,STADIUM-ARMORY,17.583333333333336,16
SMITHSONIAN,TENLEYTOWN-AU,38.958333333333336,4
SMITHSONIAN,U STREET/AFRICAN-AMER CIVIL WAR MEMORIAL/CARDOZO,21.916666666666668,235
SMITHSONIAN,UNION STATION,17.025,764
SMITHSONIAN,VAN NESS-UDC,57.69166666666666,4
SMITHSONIAN,WATERFRONT,12.033333333333333,601
SMITHSONIAN,WOODLEY PARK-ZOO/ADAMS MORGAN,43.11666666666667,15
SPRING HILL,GREENSBORO,6.3,7
SPRING HILL,TYSONS CORNER,16.491666666666667,8
STADIUM-ARMORY,ARCHIVES-NAVY MEMORIAL-PENN QUARTER,17.116666666666667,82
STADIUM-ARMORY,CAPITOL SOUTH,9.733333333333333,183
STADIUM-ARMORY,COLUMBIA HEIGHTS,42.583333333333336,5
STADIUM-ARMORY,DUPONT CIRCLE,24.85,29
STADIUM-ARMORY,EASTERN MARKET,7.2,429
STADIUM-ARMORY,FARRAGUT NORTH,23.616666666666667,49
STADIUM-ARMORY,FARRAGUT WEST,23.741666666666667,54
STADIUM-ARMORY,FEDERAL CENTER SW,12.841666666666667,54
STADIUM-ARMORY,FEDERAL TRIANGLE,19.1,83
STADIUM-ARMORY,FOGGY BOTTOM-GWU,24.65,8
STADIUM-ARMORY,GALLERY PL-CHINATOWN,17.90833333333333,126
STADIUM-ARMORY,GEORGIA AVE-PETWORTH,41.166666666666664,3
STADIUM-ARMORY,JUDICIARY SQUARE,15.633333333333333,117
STADIUM-ARMORY,L'ENFANT PLAZA,14.333333333333334,73
STADIUM-ARMORY,MCPHERSON SQUARE,21.283333333333335,75
STADIUM-ARMORY,METRO CENTER,19.416666666666668,111
STADIUM-ARMORY,MT VERNON SQ 7TH ST-CONVENTION CENTER,20.78333333333333,46
STADIUM-ARMORY,NAVY YARD-BALLPARK,12.55,170
STADIUM-ARMORY,NOMA-GALLAUDET,13.466666666666667,119
STADIUM-ARMORY,POTOMAC AVE,4.55,261
STADIUM-ARMORY,RHODE ISLAND AVE-BRENTWOOD,18.433333333333334,26
STADIUM-ARMORY,SHAW-HOWARD U,18.733333333333334,35
STADIUM-ARMORY,SMITHSONIAN,20.816666666666666,42
STADIUM-ARMORY,U STREET/AFRICAN-AMER CIVIL WAR MEMORIAL/CARDOZO,27.84166666666667,16
STADIUM-ARMORY,UNION STATION,10.75,228
STADIUM-ARMORY,WATERFRONT,19.275,22
TAKOMA,ARCHIVES-NAVY MEMORIAL-PENN QUARTER,46.333333333333336,15
TAKOMA,BROOKLAND-CUA,38.00833333333334,6
TAKOMA,COLUMBIA HEIGHTS,18.333333333333336,8
TAKOMA,DUPONT CIRCLE,33.275,14
TAKOMA,FARRAGUT NORTH,33.266666666666666,13
TAKOMA,FARRAGUT WEST,33.53333333333333,12
TAKOMA,FEDERAL TRIANGLE,46.40833333333333,14
TAKOMA,FOGGY BOTTOM-GWU,33.266666666666666,7
TAKOMA,GALLERY PL-CHINATOWN,46.233333333333334,17
TAKOMA,GEORGIA AVE-PETWORTH,13.816666666666666,11
TAKOMA,JUDICIARY SQUARE,46.28333333333333,14
TAKOMA,MCPHERSON SQUARE,30.641666666666666,24
TAKOMA,METRO CENTER,43.78333333333333,24
TAKOMA,MT VERNON SQ 7TH ST-CONVENTION CENTER,28.75,7
TAKOMA,RHODE ISLAND AVE-BRENTWOOD,26.666666666666668,3
TAKOMA,SILVER SPRING,19.233333333333334,22
TAKOMA,U STREET/AFRICAN-AMER CIVIL WAR MEMORIAL/CARDOZO,21.9,7
TENLEYTOWN-AU,ARCHIVES-NAVY MEMORIAL-PENN QUARTER,31.03333333333333,4
TENLEYTOWN-AU,BETHESDA,18.09166666666667,16
TENLEYTOWN-AU,CLEVELAND PARK,10.9,52
TENLEYTOWN-AU,COLUMBIA HEIGHTS,18.71666666666667,30
TENLEYTOWN-AU,DUPONT CIRCLE,23.366666666666667,61
TENLEYTOWN-AU,FARRAGUT NORTH,25.3,21
TENLEYTOWN-AU,FARRAGUT WEST,24.933333333333334,20
TENLEYTOWN-AU,FEDERAL CENTER SW,55.233333333333334,5
TENLEYTOWN-AU,FEDERAL TRIANGLE,32.08333333333333,6
TENLEYTOWN-AU,FOGGY BOTTOM-GWU,25.525,26
TENLEYTOWN-AU,FRIENDSHIP HEIGHTS,6.050000000000001,80
TENLEYTOWN-AU,GALLERY PL-CHINATOWN,32.6,7
TENLEYTOWN-AU,GEORGIA AVE-PETWORTH,18.066666666666666,19
TENLEYTOWN-AU,JUDICIARY SQUARE,32.6,5
TENLEYTOWN-AU,L'ENFANT PLAZA,30.90833333333333,12
TENLEYTOWN-AU,MCPHERSON SQUARE,32.04166666666667,16
TENLEYTOWN-AU,METRO CENTER,35.35,11
TENLEYTOWN-AU,NOMA-GALLAUDET,42.85,5
TENLEYTOWN-AU,ROSSLYN,19.866666666666667,3
TENLEYTOWN-AU,SHAW-HOWARD U,27.441666666666666,10
TENLEYTOWN-AU,SMITHSONIAN,29.933333333333334,8
TENLEYTOWN-AU,U STREET/AFRICAN-AMER CIVIL WAR MEMORIAL/CARDOZO,26.483333333333334,22
TENLEYTOWN-AU,VAN NESS-UDC,6.658333333333333,122
TENLEYTOWN-AU,WOODLEY PARK-ZOO/ADAMS MORGAN,16.166666666666668,21
TWINBROOK,ROCKVILLE,38.05,5
TWINBROOK,WHITE FLINT,13.983333333333333,5
TYSONS CORNER,GREENSBORO,7.85,7
TYSONS CORNER,MCLEAN,13.3,5
TYSONS CORNER,SPRING HILL,14.483333333333333,5
U STREET/AFRICAN-AMER CIVIL WAR MEMORIAL/CARDOZO,ARCHIVES-NAVY MEMORIAL-PENN QUARTER,13.191666666666666,918
U STREET/AFRICAN-AMER CIVIL WAR MEMORIAL/CARDOZO,BROOKLAND-CUA,19.208333333333336,26
U STREET/AFRICAN-AMER CIVIL WAR MEMORIAL/CARDOZO,CAPITOL SOUTH,22.333333333333336,178
U STREET/AFRICAN-AMER CIVIL WAR MEMORIAL/CARDOZO,CLARENDON,32.733333333333334,9
U STREET/AFRICAN-AMER CIVIL WAR MEMORIAL/CARDOZO,CLEVELAND PARK,19.233333333333334,45
U STREET/AFRICAN-AMER CIVIL WAR MEMORIAL/CARDOZO,COLUMBIA HEIGHTS,8.25,1165
U STREET/AFRICAN-AMER CIVIL WAR MEMORIAL/CARDOZO,COURT HOUSE,26.15,27
U STREET/AFRICAN-AMER CIVIL WAR MEMORIAL/CARDOZO,DUPONT CIRCLE,8.6,3547
U STREET/AFRICAN-AMER CIVIL WAR MEMORIAL/CARDOZO,EASTERN MARKET,24.799999999999997,122
U STREET/AFRICAN-AMER CIVIL WAR MEMORIAL/CARDOZO,FARRAGUT NORTH,10.358333333333334,2874
U STREET/AFRICAN-AMER CIVIL WAR MEMORIAL/CARDOZO,FARRAGUT WEST,11.2,2676
U STREET/AFRICAN-AMER CIVIL WAR MEMORIAL/CARDOZO,FEDERAL CENTER SW,20.4,271
U STREET/AFRICAN-AMER CIVIL WAR MEMORIAL/CARDOZO,FEDERAL TRIANGLE,13.366666666666667,789
U STREET/AFRICAN-AMER CIVIL WAR MEMORIAL/CARDOZO,FOGGY BOTTOM-GWU,13.083333333333334,1774
U STREET/AFRICAN-AMER CIVIL WAR MEMORIAL/CARDOZO,GALLERY PL-CHINATOWN,10.483333333333333,2312
U STREET/AFRICAN-AMER CIVIL WAR MEMORIAL/CARDOZO,GEORGIA AVE-PETWORTH,10.65,459
U STREET/AFRICAN-AMER CIVIL WAR MEMORIAL/CARDOZO,JUDICIARY SQUARE,13.133333333333333,1238
U STREET/AFRICAN-AMER CIVIL WAR MEMORIAL/CARDOZO,L'ENFANT PLAZA,20.725,392
U STREET/AFRICAN-AMER CIVIL WAR MEMORIAL/CARDOZO,MCPHERSON SQUARE,9.733333333333333,2972
U STREET/AFRICAN-AMER CIVIL WAR MEMORIAL/CARDOZO,METRO CENTER,9.866666666666667,2663
U STREET/AFRICAN-AMER CIVIL WAR MEMORIAL/CARDOZO,MT VERNON SQ 7TH ST-CONVENTION CENTER,8.25,2028
U STREET/AFRICAN-AMER CIVIL WAR MEMORIAL/CARDOZO,NAVY YARD-BALLPARK,27.5,191
U STREET/AFRICAN-AMER CIVIL WAR MEMORIAL/CARDOZO,NOMA-GALLAUDET,15.383333333333333,785
U STREET/AFRICAN-AMER CIVIL WAR MEMORIAL/CARDOZO,PENTAGON CITY,41.29166666666667,6
U STREET/AFRICAN-AMER CIVIL WAR MEMORIAL/CARDOZO,POTOMAC AVE,27.625,26
U STREET/AFRICAN-AMER CIVIL WAR MEMORIAL/CARDOZO,RHODE ISLAND AVE-BRENTWOOD,18.758333333333333,68
U STREET/AFRICAN-AMER CIVIL WAR MEMORIAL/CARDOZO,RONALD REAGAN WASHINGTON NATIONAL AIRPORT,42.416666666666664,6
U STREET/AFRICAN-AMER CIVIL WAR MEMORIAL/CARDOZO,ROSSLYN,23.741666666666667,96
U STREET/AFRICAN-AMER CIVIL WAR MEMORIAL/CARDOZO,SHAW-HOWARD U,5.3,1821
U STREET/AFRICAN-AMER CIVIL WAR MEMORIAL/CARDOZO,SILVER SPRING,28.375,14
U STREET/AFRICAN-AMER CIVIL WAR MEMORIAL/CARDOZO,SMITHSONIAN,18.191666666666666,336
U STREET/AFRICAN-AMER CIVIL WAR MEMORIAL/CARDOZO,STADIUM-ARMORY,26.491666666666667,20
U STREET/AFRICAN-AMER CIVIL WAR MEMORIAL/CARDOZO,TAKOMA,35.78333333333333,3
U STREET/AFRICAN-AMER CIVIL WAR MEMORIAL/CARDOZO,TENLEYTOWN-AU,27.35,5
U STREET/AFRICAN-AMER CIVIL WAR MEMORIAL/CARDOZO,UNION STATION,16.183333333333334,635
U STREET/AFRICAN-AMER CIVIL WAR MEMORIAL/CARDOZO,VAN NESS-UDC,24.8,15
U STREET/AFRICAN-AMER CIVIL WAR MEMORIAL/CARDOZO,WATERFRONT,21.916666666666668,111
U STREET/AFRICAN-AMER CIVIL WAR MEMORIAL/CARDOZO,WOODLEY PARK-ZOO/ADAMS MORGAN,13.916666666666668,118
UNION STATION,ANACOSTIA,23.766666666666666,11
UNION STATION,ARCHIVES-NAVY MEMORIAL-PENN QUARTER,9.416666666666666,1571
UNION STATION,BROOKLAND-CUA,17.816666666666666,63
UNION STATION,CAPITOL SOUTH,10.633333333333333,873
UNION STATION,CLEVELAND PARK,30.283333333333335,5
UNION STATION,COLUMBIA HEIGHTS,24.933333333333334,153
UNION STATION,COURT HOUSE,26.283333333333335,7
UNION STATION,CRYSTAL CITY,36.99166666666667,14
UNION STATION,DUPONT CIRCLE,19.516666666666666,376
UNION STATION,EASTERN MARKET,10.733333333333333,856
UNION STATION,FARRAGUT NORTH,17.483333333333334,622
UNION STATION,FARRAGUT WEST,17.308333333333334,652
UNION STATION,FEDERAL CENTER SW,11.7,777
UNION STATION,FEDERAL TRIANGLE,13.45,823
UNION STATION,FOGGY BOTTOM-GWU,20.90833333333333,388
UNION STATION,GALLERY PL-CHINATOWN,8.85,2468
UNION STATION,GEORGIA AVE-PETWORTH,22.4,67
UNION STATION,JUDICIARY SQUARE,7.083333333333333,2330
UNION STATION,L'ENFANT PLAZA,12.266666666666667,1187
UNION STATION,MCPHERSON SQUARE,13.6,1253
UNION STATION,METRO CENTER,11.0,2000
UNION STATION,MINNESOTA AVE,58.43333333333333,3
UNION STATION,MT VERNON SQ 7TH ST-CONVENTION CENTER,9.15,1525
UNION STATION,NAVY YARD-BALLPARK,12.433333333333334,1211
UNION STATION,NOMA-GALLAUDET,6.916666666666667,2439
UNION STATION,PENTAGON CITY,186.65,7
UNION STATION,POTOMAC AVE,14.3,205
UNION STATION,RHODE ISLAND AVE-BRENTWOOD,12.783333333333333,107
UNION STATION,ROSSLYN,42.88333333333333,18
UNION STATION,SHAW-HOWARD U,12.991666666666667,594
UNION STATION,SMITHSONIAN,15.7,742
UNION STATION,STADIUM-ARMORY,12.85,207
UNION STATION,TAKOMA,41.766666666666666,5
UNION STATION,U STREET/AFRICAN-AMER CIVIL WAR MEMORIAL/CARDOZO,16.625,552
UNION STATION,WATERFRONT,14.908333333333333,330
UNION STATION,WOODLEY PARK-ZOO/ADAMS MORGAN,30.06666666666667,6
VAN NESS-UDC,ARCHIVES-NAVY MEMORIAL-PENN QUARTER,29.35,4
VAN NESS-UDC,CLEVELAND PARK,5.733333333333333,171
VAN NESS-UDC,COLUMBIA HEIGHTS,17.633333333333333,49
VAN NESS-UDC,DUPONT CIRCLE,15.7,86
VAN NESS-UDC,FARRAGUT NORTH,20.633333333333333,84
VAN NESS-UDC,FARRAGUT WEST,20.633333333333333,82
VAN NESS-UDC,FEDERAL TRIANGLE,60.766666666666666,10
VAN NESS-UDC,FOGGY BOTTOM-GWU,21.008333333333333,44
VAN NESS-UDC,FORT TOTTEN,27.55,3
VAN NESS-UDC,FRIENDSHIP HEIGHTS,12.683333333333334,21
VAN NESS-UDC,GALLERY PL-CHINATOWN,31.25,5
VAN NESS-UDC,GEORGIA AVE-PETWORTH,18.033333333333335,11
VAN NESS-UDC,L'ENFANT PLAZA,29.816666666666666,3
VAN NESS-UDC,MCPHERSON SQUARE,21.383333333333333,54
VAN NESS-UDC,METRO CENTER,26.016666666666666,19
VAN NESS-UDC,MT VERNON SQ 7TH ST-CONVENTION CENTER,23.9,8
VAN NESS-UDC,SHAW-HOWARD U,27.433333333333334,4
VAN NESS-UDC,SMITHSONIAN,86.15,8
VAN NESS-UDC,TENLEYTOWN-AU,9.399999999999999,46
VAN NESS-UDC,U STREET/AFRICAN-AMER CIVIL WAR MEMORIAL/CARDOZO,21.833333333333336,10
VAN NESS-UDC,WOODLEY PARK-ZOO/ADAMS MORGAN,8.75,135
VIRGINIA SQUARE-GMU,ARCHIVES-NAVY MEMORIAL-PENN QUARTER,73.3,7
VIRGINIA SQUARE-GMU,BALLSTON-MU,4.3,355
VIRGINIA SQUARE-GMU,CAPITOL SOUTH,69.16666666666667,4
VIRGINIA SQUARE-GMU,CLARENDON,6.233333333333333,321
VIRGINIA SQUARE-GMU,COLUMBIA HEIGHTS,30.691666666666666,4
VIRGINIA SQUARE-GMU,COURT HOUSE,9.925,288
VIRGINIA SQUARE-GMU,CRYSTAL CITY,43.53333333333333,9
VIRGINIA SQUARE-GMU,DUPONT CIRCLE,30.558333333333337,8
VIRGINIA SQUARE-GMU,EAST FALLS CHURCH,23.15833333333333,8
VIRGINIA SQUARE-GMU,FARRAGUT NORTH,28.416666666666668,7
VIRGINIA SQUARE-GMU,FARRAGUT WEST,33.925,8
VIRGINIA SQUARE-GMU,FEDERAL CENTER SW,86.21666666666667,4
VIRGINIA SQUARE-GMU,FEDERAL TRIANGLE,63.61666666666666,4
VIRGINIA SQUARE-GMU,FOGGY BOTTOM-GWU,27.75,17
VIRGINIA SQUARE-GMU,GALLERY PL-CHINATOWN,33.65,14
VIRGINIA SQUARE-GMU,JUDICIARY SQUARE,40.983333333333334,9
VIRGINIA SQUARE-GMU,L'ENFANT PLAZA,38.15,9
VIRGINIA SQUARE-GMU,MCPHERSON SQUARE,30.125,12
VIRGINIA SQUARE-GMU,METRO CENTER,28.808333333333334,12
VIRGINIA SQUARE-GMU,MT VERNON SQ 7TH ST-CONVENTION CENTER,32.775,10
VIRGINIA SQUARE-GMU,NAVY YARD-BALLPARK,38.2,10
VIRGINIA SQUARE-GMU,PENTAGON CITY,24.483333333333334,5
VIRGINIA SQUARE-GMU,RONALD REAGAN WASHINGTON NATIONAL AIRPORT,44.975,22
VIRGINIA SQUARE-GMU,ROSSLYN,11.95,181
VIRGINIA SQUARE-GMU,SHAW-HOWARD U,52.31666666666666,4
VIRGINIA SQUARE-GMU,SMITHSONIAN,46.65,5
VIRGINIA SQUARE-GMU,TYSONS CORNER,43.90833333333333,4
VIRGINIA SQUARE-GMU,U STREET/AFRICAN-AMER CIVIL WAR MEMORIAL/CARDOZO,52.016666666666666,5
WATERFRONT,ANACOSTIA,30.6,8
WATERFRONT,ARCHIVES-NAVY MEMORIAL-PENN QUARTER,11.316666666666666,817
WATERFRONT,BROOKLAND-CUA,26.7,7
WATERFRONT,CAPITOL SOUTH,8.55,499
WATERFRONT,COLUMBIA HEIGHTS,30.691666666666666,16
WATERFRONT,COURT HOUSE,25.183333333333334,5
WATERFRONT,CRYSTAL CITY,26.516666666666666,8
WATERFRONT,DUPONT CIRCLE,26.35,167
WATERFRONT,EASTERN MARKET,13.716666666666667,403
WATERFRONT,FARRAGUT NORTH,22.59166666666667,292
WATERFRONT,FARRAGUT WEST,21.166666666666668,358
WATERFRONT,FEDERAL CENTER SW,5.683333333333334,851
WATERFRONT,FEDERAL TRIANGLE,13.216666666666667,495
WATERFRONT,FOGGY BOTTOM-GWU,20.608333333333334,216
WATERFRONT,GALLERY PL-CHINATOWN,12.4,839
WATERFRONT,GEORGIA AVE-PETWORTH,32.88333333333333,7
WATERFRONT,JUDICIARY SQUARE,11.291666666666668,826
WATERFRONT,L'ENFANT PLAZA,5.758333333333333,1400
WATERFRONT,MCPHERSON SQUARE,17.783333333333335,437
WATERFRONT,METRO CENTER,13.291666666666668,680
WATERFRONT,MT VERNON SQ 7TH ST-CONVENTION CENTER,15.991666666666667,238
WATERFRONT,NAVY YARD-BALLPARK,8.208333333333332,1030
WATERFRONT,NOMA-GALLAUDET,18.433333333333334,190
WATERFRONT,PENTAGON CITY,29.766666666666666,9
WATERFRONT,POTOMAC AVE,16.966666666666665,107
WATERFRONT,RHODE ISLAND AVE-BRENTWOOD,27.783333333333335,9
WATERFRONT,RONALD REAGAN WASHINGTON NATIONAL AIRPORT,20.116666666666667,4
WATERFRONT,ROSSLYN,35.21666666666667,17
WATERFRONT,SHAW-HOWARD U,18.858333333333334,78
WATERFRONT,SMITHSONIAN,12.083333333333334,479
WATERFRONT,STADIUM-ARMORY,25.875,20
WATERFRONT,U STREET/AFRICAN-AMER CIVIL WAR MEMORIAL/CARDOZO,22.691666666666666,80
WATERFRONT,UNION STATION,14.783333333333333,307
WATERFRONT,WOODLEY PARK-ZOO/ADAMS MORGAN,30.566666666666666,9
WEST FALLS CHURCH-VT/UVA,DUNN LORING-MERRIFIELD,58.21666666666667,3
WEST HYATTSVILLE,PRINCE GEORGE'S PLAZA,17.716666666666665,3
WEST HYATTSVILLE,RHODE ISLAND AVE-BRENTWOOD,20.783333333333335,5
WHITE FLINT,BETHESDA,36.88333333333333,15
WHITE FLINT,L'ENFANT PLAZA,166.30833333333334,4
WHITE FLINT,TWINBROOK,9.983333333333333,5
WIEHLE-RESTON EAST,DUNN LORING-MERRIFIELD,93.75,3
WIEHLE-RESTON EAST,Reston Town Center,8.633333333333333,56
WOODLEY PARK-ZOO/ADAMS MORGAN,ARCHIVES-NAVY MEMORIAL-PENN QUARTER,27.583333333333332,54
WOODLEY PARK-ZOO/ADAMS MORGAN,BETHESDA,41.983333333333334,3
WOODLEY PARK-ZOO/ADAMS MORGAN,CAPITOL SOUTH,38.94166666666667,10
WOODLEY PARK-ZOO/ADAMS MORGAN,CLEVELAND PARK,6.283333333333333,127
WOODLEY PARK-ZOO/ADAMS MORGAN,COLUMBIA HEIGHTS,10.6,206
WOODLEY PARK-ZOO/ADAMS MORGAN,COURT HOUSE,36.0,3
WOODLEY PARK-ZOO/ADAMS MORGAN,DUPONT CIRCLE,9.583333333333334,372
WOODLEY PARK-ZOO/ADAMS MORGAN,EASTERN MARKET,42.93333333333334,10
WOODLEY PARK-ZOO/ADAMS MORGAN,FARRAGUT NORTH,13.241666666666667,266
WOODLEY PARK-ZOO/ADAMS MORGAN,FARRAGUT WEST,13.466666666666667,317
WOODLEY PARK-ZOO/ADAMS MORGAN,FEDERAL CENTER SW,38.21666666666667,15
WOODLEY PARK-ZOO/ADAMS MORGAN,FEDERAL TRIANGLE,27.758333333333333,70
WOODLEY PARK-ZOO/ADAMS MORGAN,FOGGY BOTTOM-GWU,12.925,300
WOODLEY PARK-ZOO/ADAMS MORGAN,FRIENDSHIP HEIGHTS,24.441666666666666,4
WOODLEY PARK-ZOO/ADAMS MORGAN,GALLERY PL-CHINATOWN,24.316666666666666,105
WOODLEY PARK-ZOO/ADAMS MORGAN,GEORGIA AVE-PETWORTH,15.116666666666667,57
WOODLEY PARK-ZOO/ADAMS MORGAN,JUDICIARY SQUARE,25.058333333333334,36
WOODLEY PARK-ZOO/ADAMS MORGAN,L'ENFANT PLAZA,32.916666666666664,41
WOODLEY PARK-ZOO/ADAMS MORGAN,MCPHERSON SQUARE,16.46666666666667,236
WOODLEY PARK-ZOO/ADAMS MORGAN,METRO CENTER,20.833333333333332,149
WOODLEY PARK-ZOO/ADAMS MORGAN,MT VERNON SQ 7TH ST-CONVENTION CENTER,21.125,74
WOODLEY PARK-ZOO/ADAMS MORGAN,NAVY YARD-BALLPARK,36.525000000000006,10
WOODLEY PARK-ZOO/ADAMS MORGAN,NOMA-GALLAUDET,26.733333333333334,9
WOODLEY PARK-ZOO/ADAMS MORGAN,RHODE ISLAND AVE-BRENTWOOD,33.141666666666666,6
WOODLEY PARK-ZOO/ADAMS MORGAN,ROSSLYN,47.31666666666667,11
WOODLEY PARK-ZOO/ADAMS MORGAN,SHAW-HOWARD U,15.533333333333333,106
WOODLEY PARK-ZOO/ADAMS MORGAN,SILVER SPRING,42.53333333333333,5
WOODLEY PARK-ZOO/ADAMS MORGAN,SMITHSONIAN,36.55,47
WOODLEY PARK-ZOO/ADAMS MORGAN,TENLEYTOWN-AU,20.491666666666667,8
WOODLEY PARK-ZOO/ADAMS MORGAN,U STREET/AFRICAN-AMER CIVIL WAR MEMORIAL/CARDOZO,12.291666666666668,148
WOODLEY PARK-ZOO/ADAMS MORGAN,UNION STATION,26.733333333333334,25
WOODLEY PARK-ZOO/ADAMS MORGAN,VAN NESS-UDC,10.833333333333334,67
WOODLEY PARK-ZOO/ADAMS MORGAN,WATERFRONT,27.241666666666667,12
